FIPS,"Hospitalization Rate per 100,000",Unemployment Initial Claims,"Hospitals per 100,000"
1001,NaN,46.9045,1.8
1003,NaN,49.7753,1.8
1005,NaN,55.9471,4
1007,NaN,57.6821,4.5
1009,NaN,26.8423,1.7
1011,NaN,51.8533,9.9
1013,NaN,65.2102,10.2
1015,NaN,69.563,3.5
1017,NaN,58.6162,3
1019,NaN,30.4689,3.8
1021,NaN,41.6662,2.3
1023,NaN,41.9216,7.8
1025,NaN,73.9116,8.4
1027,NaN,35.7932,7.5
1029,NaN,36.3476,0
1031,NaN,42.1371,1.9
1033,NaN,58.1659,3.7
1035,NaN,60.9882,8.1
1037,NaN,47.6119,0
1039,NaN,42.873,8.1
1041,NaN,48.1633,14.5
1043,NaN,39.8097,2.4
1045,NaN,42.4304,2
1047,NaN,85.865,2.6
1049,NaN,38.3019,1.4
1051,NaN,45.5529,2.4
1053,NaN,50.06,5.4
1055,NaN,58.4713,3.9
1057,NaN,43.1336,6.1
1059,NaN,44.8961,6.4
1061,NaN,37.5423,3.8
1063,NaN,80.1914,12.1
1065,NaN,85.677,6.8
1067,NaN,41.876,0
1069,NaN,48.614,4.8
1071,NaN,45.6454,1.9
1073,NaN,57.5691,2.1
1075,NaN,44.732,0
1077,NaN,47.7146,1.1
1079,NaN,35.6976,3
1081,NaN,38.4721,0.6
1083,NaN,33.3879,2.1
1085,NaN,89.093,0
1087,NaN,61.7287,5.4
1089,NaN,44.1375,1.9
1091,NaN,45.775,5.2
1093,NaN,48.2287,6.7
1095,NaN,48.1647,2.1
1097,NaN,65.1534,1.7
1099,NaN,67.9665,4.7
1101,NaN,69.0073,3.5
1103,NaN,46.1521,3.4
1105,NaN,79.497,0
1107,NaN,46.956,5
1109,NaN,43.863,3
1111,NaN,36.1338,4.4
1113,NaN,47.586,3.5
1115,NaN,41.989,1.1
1117,NaN,24.4406,1.4
1119,NaN,49.0636,7.9
1121,NaN,59.937,2.5
1123,NaN,48.7155,4.9
1125,NaN,51.8914,3.4
1127,NaN,58.0937,1.6
1129,NaN,53.5671,6.1
1131,NaN,113.245,9.4
1133,NaN,48.2425,4.2
2013,NaN,None,0
2016,NaN,None,17.5
2020,NaN,None,3.1
2050,NaN,None,5.5
2060,NaN,None,0
2068,NaN,None,0
2070,NaN,None,20
2090,NaN,None,3
2100,NaN,None,0
2105,NaN,None,0
2110,NaN,None,3.1
2122,NaN,None,5.1
2130,NaN,None,7.2
2150,NaN,None,7.5
2158,NaN,None,0
2164,NaN,None,0
2170,NaN,None,0.9
2180,NaN,None,10
2185,NaN,None,10.1
2188,NaN,None,13
2195,NaN,None,0
2198,NaN,None,0
2220,NaN,None,23.1
2230,NaN,None,0
2240,NaN,None,0
2261,NaN,None,32.7
2275,NaN,None,0
2282,NaN,None,0
2290,NaN,None,0
4001,NaN,14.7108,5.6
4003,NaN,14.0977,7.1
4005,NaN,17.4486,3.5
4007,NaN,14.1452,7.4
4009,NaN,12.8411,2.6
4011,NaN,10.5556,0
4012,NaN,10.8009,9.5
4013,NaN,18.3214,1.8
4015,NaN,14.3481,2.4
4017,NaN,16.3087,5.4
4019,NaN,17.8058,2
4021,NaN,17.2105,1.6
4023,NaN,23.0103,2.2
4025,NaN,15.6853,3
4027,NaN,30.5901,1.4
5001,NaN,None,11.3
5003,NaN,None,5
5005,NaN,None,2.4
5007,NaN,None,1.8
5009,NaN,None,2.7
5011,NaN,None,9.2
5013,NaN,None,0
5015,NaN,None,7.1
5017,NaN,None,19.2
5019,NaN,None,4.5
5021,NaN,None,6.7
5023,NaN,None,4
5025,NaN,None,0
5027,NaN,None,4.2
5029,NaN,None,4.8
5031,NaN,None,5.5
5033,NaN,None,1.6
5035,NaN,None,6.2
5037,NaN,None,6
5039,NaN,None,13.9
5041,NaN,None,17.4
5043,NaN,None,5.5
5045,NaN,None,3.2
5047,NaN,None,5.6
5049,NaN,None,8.2
5051,NaN,None,6.1
5053,NaN,None,0
5055,NaN,None,2.2
5057,NaN,None,4.6
5059,NaN,None,5.9
5061,NaN,None,7.5
5063,NaN,None,2.7
5065,NaN,None,7.4
5067,NaN,None,5.9
5069,NaN,None,2.9
5071,NaN,None,3.7
5073,NaN,None,0
5075,NaN,None,6.1
5077,NaN,None,0
5079,NaN,None,0
5081,NaN,None,8.1
5083,NaN,None,9.2
5085,NaN,None,0
5087,NaN,None,0
5089,NaN,None,0
5091,NaN,None,2.3
5093,NaN,None,4.8
5095,NaN,None,0
5097,NaN,None,0
5099,NaN,None,0
5101,NaN,None,0
5103,NaN,None,4.2
5105,NaN,None,0
5107,NaN,None,5.5
5109,NaN,None,9.4
5111,NaN,None,0
5113,NaN,None,5
5115,NaN,None,1.6
5117,NaN,None,0
5119,NaN,None,5.1
5121,NaN,None,5.6
5123,NaN,None,3.9
5125,NaN,None,1.6
5127,NaN,None,9.7
5129,NaN,None,0
5131,NaN,None,5.5
5133,NaN,None,5.8
5135,NaN,None,0
5137,NaN,None,8
5139,NaN,None,2.6
5141,NaN,None,6
5143,NaN,None,4.6
5145,NaN,None,3.8
5147,NaN,None,0
5149,NaN,None,9.3
6001,NaN,62.008,1.6
6003,NaN,53.188,0
6005,NaN,68.132,2.5
6007,NaN,64.192,3
6009,NaN,56.85,2.2
6011,NaN,83.58,4.6
6013,NaN,63.483,1
6015,NaN,66.573,3.6
6017,NaN,56.275,1.6
6019,NaN,78.323,1.5
6021,NaN,59.473,3.6
6023,NaN,62.236,4.4
6025,NaN,140.475,1.1
6027,NaN,54.688,11.1
6029,NaN,80.832,1.7
6031,NaN,80.503,2.6
6033,NaN,69.773,3.1
6035,NaN,45.5606,3.2
6037,NaN,75.6,1.3
6039,NaN,72.696,1.3
6041,NaN,44.4826,1.5
6043,NaN,75.142,5.7
6045,NaN,61.437,3.4
6047,NaN,84.769,1.1
6049,NaN,42.8249,22.8
6051,NaN,81.42,7
6053,NaN,64.13,0.9
6055,NaN,64.747,2.2
6057,NaN,59.883,2
6059,NaN,67.207,1.3
6061,NaN,55.573,1
6063,NaN,60.386,16
6065,NaN,78.605,1
6067,NaN,71.612,1.2
6069,NaN,75.291,3.3
6071,NaN,75.352,1.5
6073,NaN,71.143,1.1
6075,NaN,51.515,2.2
6077,NaN,84.061,1.3
6079,NaN,55.692,2.1
6081,NaN,45.0004,1.4
6083,NaN,56.773,2
6085,NaN,49.525,0.9
6087,NaN,65.627,1.8
6089,NaN,75.066,3.9
6091,NaN,45.149,33.5
6093,NaN,69.548,4.6
6095,NaN,71.851,1.6
6097,NaN,58.569,2.4
6099,NaN,81.016,2
6101,NaN,75.989,4.1
6103,NaN,56.543,3.1
6105,NaN,53.3047,8
6107,NaN,83.021,1.5
6109,NaN,74.654,5.5
6111,NaN,64.769,1.4
6113,NaN,50.276,0.9
6115,NaN,80.655,2.6
8001,NaN,24.2396,1.4
8003,NaN,20.661,6
8005,NaN,23.9337,1.4
8007,NaN,22.679,7.3
8009,NaN,8.182,27.9
8011,NaN,11.563,0
8013,NaN,18.7663,2.1
8014,NaN,20.3552,2.9
8015,NaN,18.8016,5
8017,NaN,7.852,53.3
8019,NaN,27.8072,0
8021,NaN,15.218,12.2
8023,NaN,15.529,0
8025,NaN,14.227,0
8027,NaN,12.888,0
8029,NaN,16.1514,3.2
8031,NaN,25.2398,2.5
8033,NaN,20.096,0
8035,NaN,17.1975,1.8
8037,NaN,29.7857,1.8
8039,NaN,12.367,0
8041,NaN,23.1452,1.7
8043,NaN,20.8934,2.1
8045,NaN,21.4766,3.3
8047,NaN,35.495,0
8049,NaN,26.5213,12.9
8051,NaN,23.5556,5.8
8053,NaN,21.68,0
8055,NaN,23.565,14.5
8057,NaN,10.874,0
8059,NaN,21.18,0.5
8061,NaN,9.022,72.3
8063,NaN,6.548,14
8065,NaN,27.155,12.8
8067,NaN,22.0765,3.6
8069,NaN,20.2301,2.3
8071,NaN,18.988,6.9
8073,NaN,13.9,17.8
8075,NaN,13.5807,4.6
8077,NaN,21.2108,2.6
8079,NaN,15.19,0
8081,NaN,16.4345,7.6
8083,NaN,16.3611,3.8
8085,NaN,18.2633,2.4
8087,NaN,14.8633,7
8089,NaN,16.7216,5.4
8091,NaN,27.051,0
8093,NaN,16.0163,0
8095,NaN,6.65,46.7
8097,NaN,38.7544,5.6
8099,NaN,12.5576,8.2
8101,NaN,26.9947,2.4
8103,NaN,12.223,31.6
8105,NaN,19.394,8.9
8107,NaN,27.8992,3.9
8109,NaN,20.511,0
8111,NaN,17.54,0
8113,NaN,38.865,0
8115,NaN,5.446,43.4
8117,NaN,32.5271,3.2
8119,NaN,21.6386,4
8121,NaN,5.531,0
8123,NaN,20.6027,0.6
8125,NaN,5.0782,20
9001,NaN,None,0.8
9003,NaN,None,1.3
9005,NaN,None,1.7
9007,NaN,None,1.2
9009,NaN,None,1.2
9011,NaN,None,0.7
9013,NaN,None,2
9015,NaN,None,1.7
10001,NaN,None,1.1
10003,NaN,None,1.8
10005,NaN,None,1.7
11001,NaN,56.235,2.1
12001,460.4,None,2.2
12003,634.8,None,7.1
12005,466.3,None,2.7
12007,530.1,None,3.6
12009,386.4,None,2
12011,516.3,None,1.4
12013,404.5,None,6.9
12015,511.4,None,2.2
12017,480,None,1.4
12019,434.1,None,1.4
12021,449.4,None,1.6
12023,670.9,None,4.3
12027,786.9,None,2.7
12029,682.6,None,0
12031,223,None,1.6
12033,701.4,None,2.9
12035,356,None,0.9
12037,281.2,None,8.5
12039,910.8,None,4.4
12041,438.2,None,0
12043,524.6,None,0
12045,618.7,None,6.2
12047,566,None,0
12049,825.8,None,3.7
12051,849.5,None,2.4
12053,528.6,None,2.6
12055,639.3,None,2.8
12057,214.1,None,1.5
12059,462.1,None,5.1
12061,546.3,None,2.5
12063,741.1,None,4.1
12065,552.9,None,0
12067,561.2,None,0
12069,420.8,None,1.7
12071,304.4,None,0.9
12073,245.8,None,1.7
12075,549.4,None,2.5
12077,272,None,0
12079,480.3,None,10.8
12081,385.5,None,1.3
12083,583.1,None,1.9
12085,489.1,None,3.1
12086,486.2,None,1.3
12087,373.2,None,5.3
12089,362.3,None,1.2
12091,351.7,None,2.9
12093,1028,None,2.4
12095,199.8,None,1.3
12097,391.6,None,1.6
12099,459,None,1.3
12101,489,None,1.9
12103,498.1,None,1.8
12105,725.3,None,0.8
12107,763.2,None,1.3
12109,317,None,0.4
12111,558,None,1.9
12113,501.8,None,2.8
12115,327.6,None,1.6
12117,264.4,None,1.3
12119,445,None,1.6
12121,721.9,None,2.3
12123,448.6,None,9.2
12125,555.6,None,20.1
12127,400.3,None,1.6
12129,505.2,None,0
12131,437.1,None,2.8
12133,550.6,None,4
13001,924,70.3928,5.4
13003,1386,60.6243,0
13005,768.9,60.1523,8.9
13007,1067.3,61.0518,0
13009,713.9,91.1363,4.5
13011,984.8,66.0797,0
13013,745,86.6632,1.2
13015,774.4,119.2966,0.9
13017,911.4,106.0117,6
13019,363.6,84.6894,5.2
13021,1146.3,113.7887,5.2
13023,366.1,73.7317,7.8
13025,402.2,75.3798,0
13027,560.8,78.1053,6.4
13029,454,91.6048,0
13031,282,103.6434,2.6
13033,669,95.8049,4.5
13035,512.5,94.9161,4.1
13037,1149.2,94.2936,15.7
13039,251.5,71.1368,1.9
13043,572.2,60.5205,9.2
13045,262.4,101.9124,1.7
13047,370.8,40.6327,1.5
13049,478.1,48.3905,7.7
13051,556.7,126.1262,3.1
13053,280.8,39.4852,9.4
13055,710,36.857,0
13057,497.3,76.4382,0.4
13059,384,106.1724,2.4
13061,346.4,220.991,0
13063,464.1,149.9904,1.4
13065,992.8,46.18144,15
13067,409.6,89.9491,0.8
13069,1496.8,80.0494,2.3
13071,541.8,66.3247,4.4
13073,302.7,62.0138,0
13075,623.5,97.6518,11.7
13077,234.5,99.4115,2.1
13079,552,58.946,0
13081,712.4,157.8054,4.4
13083,382.1,51.6944,6.2
13085,976.8,92.9161,0
13087,545.6,86.9606,3.8
13089,598.1,111.3304,2.1
13091,512,76.0339,4.8
13093,656.6,80.1753,0
13095,1116.8,125.5634,2.2
13097,584.2,116.914,1.4
13099,712.4,57.1779,9.8
13101,325,33.6906,0
13103,394,72.519,3.2
13105,669.5,101.3184,5.2
13107,548.4,101.8485,4.4
13109,671.6,66.669,9.3
13111,670.2,63.3048,3.9
13113,223.9,90.9531,0.9
13115,893.5,113.9743,4.1
13117,400.7,66.3091,0.4
13119,660.2,109.718,8.7
13121,459.4,128.4593,1.7
13123,675,84.1084,3.2
13125,634.4,49.5911,0
13127,522.2,112.719,2.3
13129,565.1,119.1569,1.7
13131,699,53.7078,4
13133,768.4,100.4264,11.3
13135,580.8,97.4781,0.6
13137,1037.7,75.3025,2.2
13139,1165.5,77.7857,0.5
13141,1257.8,108.7262,0
13143,250.6,101.1607,3.4
13145,449.6,81.8983,0
13147,440.6,70.3978,3.8
13149,378.8,90.0563,0
13151,260.2,122.1787,0.9
13153,474.7,83.3967,1.3
13155,861.9,72.4305,10.6
13157,717.1,86.4211,1.4
13159,434.5,73.3934,7.1
13161,625.5,63.5614,6.7
13163,991.6,100.0654,6.5
13165,955.9,85.2348,11.5
13167,999.2,66.4305,0
13169,562.6,54.8915,0
13171,626.3,88.7637,0
13173,261.1,66.7485,9.7
13175,739.6,103.9097,4.2
13177,618.2,144.7,0
13179,354.5,93.9714,3.3
13181,657,72.6457,0
13183,247.4,52.9528,0
13185,322.4,116.5457,2.6
13187,858.7,72.8209,3
13189,733.8,112.8002,4.6
13191,397.5,76.0914,0
13193,616.3,120.712,7.6
13195,526.1,93.9524,0
13197,467,76.519,0
13199,645.5,124.013,14.2
13201,703.5,53.6938,17.6
13205,1031.9,65.9551,4.5
13207,694,64.8586,3.6
13209,467.7,111.5949,0
13211,445.6,78.8937,10.6
13213,608.7,168.7543,2.5
13215,590.7,133.2169,3.6
13217,589.7,103.9636,0.9
13219,328.5,63.7945,0
13221,498.2,60.0401,0
13223,246.3,72.3397,1.2
13225,795,112.5513,7.3
13227,647.3,72.5586,3.1
13229,686,66.9652,0
13231,375.7,74.8674,0
13233,890,108.7824,2.4
13235,487.8,64.5591,9
13237,742.8,98.9747,4.6
13239,482.7,34.74851,0
13241,889.3,71.0104,11.9
13243,1185.4,158.4762,14.6
13245,658.9,113.3162,5.5
13247,952.6,115.8874,1.1
13249,401.1,46.9548,0
13251,516.6,146.951,7.2
13253,793.7,80.0221,12
13255,658.1,112.6517,1.5
13257,971.8,100.1957,3.8
13259,2016.5,54.7229,16.1
13261,884.5,91.7743,3.4
13263,653.7,79.0478,0
13265,497.5,86.5748,0
13267,472.6,49.3881,3.9
13269,895.6,89.955,12.4
13271,434.6,74.6879,0
13273,1289,90.1188,0
13275,780.7,96.1653,4.5
13277,1020.4,92.1182,2.5
13279,643.4,94.4124,3.7
13281,1071.5,89.6767,8.4
13283,763.7,79.0036,0
13285,698.2,127.8741,1.4
13287,1087,110.1118,0
13289,1221.3,79.8859,0
13291,866.6,76.6392,4.2
13293,671.4,120.2289,3.8
13295,403.4,68.4052,0
13297,528.3,91.8669,2.1
13299,980.9,79.3035,2.8
13301,895.1,89.4629,0
13303,544.5,83.2954,4.9
13305,902.4,88.504,3.4
13307,574.5,51.4304,0
13309,444.2,78.8605,12.7
13311,977.6,66.7496,0
13313,715.9,179.471,1
13315,817.1,65.5713,0
13317,729,68.8028,10.1
13319,1328,68.8391,0
13321,857.2,62.0647,4.9
15001,NaN,60.583,3
15003,NaN,59.906,1.8
15005,NaN,None,0
15007,NaN,83.286,4.2
15009,NaN,83.699,2.4
16001,NaN,25.0864,2.3
16003,NaN,16.74,0
16005,NaN,17.4403,1.1
16007,NaN,6.313,16.5
16009,NaN,24.463,10.8
16011,NaN,12.5124,6.5
16013,NaN,41.9349,4.4
16015,NaN,18.067,0
16017,NaN,28.1894,2.2
16019,NaN,17.6395,1.7
16021,NaN,25.619,8.4
16023,NaN,37.006,38.3
16025,NaN,2.58,0
16027,NaN,15.9707,0.9
16029,NaN,16.03,14.2
16031,NaN,23.8258,4.2
16033,NaN,None,0
16035,NaN,28.923,22.8
16037,NaN,11.89,0
16039,NaN,11.1356,3.7
16041,NaN,4.558,7.3
16043,NaN,7.4605,0
16045,NaN,9.7967,5.7
16047,NaN,7.2613,6.6
16049,NaN,18.9318,12.1
16051,NaN,7.5843,0
16053,NaN,15.1698,4.2
16055,NaN,25.6996,2.5
16057,NaN,15.5746,2.5
16059,NaN,19.962,12.6
16061,NaN,18.314,0
16063,NaN,7.437,0
16065,NaN,8.8262,2.5
16067,NaN,13.9087,4.8
16069,NaN,20.8988,2.5
16071,NaN,2.627,22.3
16073,NaN,8.741,0
16075,NaN,9.1574,0
16077,NaN,10.073,12.9
16079,NaN,37.855,7.8
16081,NaN,15.1727,8.6
16083,NaN,22.0769,2.3
16085,NaN,35.862,18.1
16087,NaN,13.809,9.8
17001,NaN,28.8193,1.5
17003,NaN,25.3094,0
17005,NaN,27.5852,6
17007,NaN,52.028,1.9
17009,NaN,16.767,0
17011,NaN,23.8761,6.1
17013,NaN,25.744,0
17015,NaN,26.4776,0
17017,NaN,22.2011,0
17019,NaN,20.6368,1.4
17021,NaN,27.582,6.1
17023,NaN,35.266,0
17025,NaN,41.978,7.5
17027,NaN,24.1145,2.7
17029,NaN,28.0536,2
17031,NaN,35.906,1.4
17033,NaN,26.7338,5.3
17035,NaN,24.4882,0
17037,NaN,27.8329,2.9
17039,NaN,22.9878,6.3
17041,NaN,17.8838,0
17043,NaN,26.4631,0.9
17045,NaN,24.0727,5.8
17047,NaN,31.7775,0
17049,NaN,27.894,2.9
17051,NaN,28.8759,4.7
17053,NaN,22.7003,7.5
17055,NaN,39.241,2.6
17057,NaN,36.182,2.9
17059,NaN,19.288,0
17061,NaN,22.253,7.7
17063,NaN,31.989,2
17065,NaN,25.5287,12.3
17067,NaN,16.1324,5.6
17069,NaN,22.609,25.6
17071,NaN,10.0306,0
17073,NaN,22.1789,4.1
17075,NaN,18.2821,3.6
17077,NaN,26.7935,3.5
17079,NaN,21.4859,0
17081,NaN,43.003,5.3
17083,NaN,23.5881,4.6
17085,NaN,22.4657,4.7
17087,NaN,29.2408,0
17089,NaN,26.882,0.9
17091,NaN,28.65,1.8
17093,NaN,29.48,0
17095,NaN,30.339,4
17097,NaN,24.2861,1.1
17099,NaN,31.987,3.7
17101,NaN,22.4616,6.3
17103,NaN,25.2563,2.9
17105,NaN,29.1686,2.8
17107,NaN,21.1386,3.5
17109,NaN,29.761,3.3
17111,NaN,29.678,1
17113,NaN,23.0505,1.2
17115,NaN,33.7997,1.9
17117,NaN,23.5202,4.4
17119,NaN,25.2049,2.6
17121,NaN,38.915,5.3
17123,NaN,28.3193,0
17125,NaN,25.549,7.4
17127,NaN,24.7198,7.1
17129,NaN,20.8724,0
17131,NaN,20.6959,6.4
17133,NaN,17.0927,0
17135,NaN,31.357,7
17137,NaN,22.2906,2.9
17139,NaN,17.1881,0
17141,NaN,32.2107,2
17143,NaN,36.645,2.2
17145,NaN,40.353,14.2
17147,NaN,18.5315,12.2
17149,NaN,18.679,6.4
17151,NaN,18.85,0
17153,NaN,26.9008,0
17155,NaN,27.5138,0
17157,NaN,27.206,9.3
17159,NaN,24.3811,6.3
17161,NaN,24.4993,2.1
17163,NaN,27.1236,1.5
17165,NaN,31.364,8.4
17167,NaN,27.4094,2
17169,NaN,21.944,14.5
17171,NaN,20.2416,0
17173,NaN,26.1457,4.6
17175,NaN,23.0499,0
17177,NaN,29.3013,2.2
17179,NaN,31.683,1.5
17181,NaN,24.8311,5.9
17183,NaN,27.7015,3.9
17185,NaN,19.0469,8.7
17187,NaN,15.7595,5.9
17189,NaN,23.9509,7.1
17191,NaN,34.644,6.1
17193,NaN,21.6741,0
17195,NaN,27.3218,3.6
17197,NaN,31.291,0.7
17199,NaN,32.5,4.5
17201,NaN,47.437,1.4
17203,NaN,23.4625,2.6
18001,NaN,38.3739,2.8
18003,NaN,64.758,2.9
18005,NaN,50.9207,1.2
18007,NaN,37.639,0
18009,NaN,59.23,8.4
18011,NaN,31.5216,1.5
18013,NaN,49.325,0
18015,NaN,41.489,0
18017,NaN,53.1075,7.9
18019,NaN,46.3365,3.4
18021,NaN,52.223,3.8
18023,NaN,47.7538,3.1
18025,NaN,60.486,0
18027,NaN,25.9456,3
18029,NaN,31.6241,4
18031,NaN,54.2678,3.7
18033,NaN,47.9673,4.6
18035,NaN,62.4987,2.6
18037,NaN,40.6384,2.3
18039,NaN,60.9527,1.5
18041,NaN,71.116,4.3
18043,NaN,41.3414,3.9
18045,NaN,47.87,0
18047,NaN,39.7265,0
18049,NaN,51.029,5
18051,NaN,44.8709,3
18053,NaN,57.7185,4.5
18055,NaN,45.2771,3.1
18057,NaN,31.571,2.4
18059,NaN,39.127,1.3
18061,NaN,39.0026,2.5
18063,NaN,32.5449,1.2
18065,NaN,53.5639,2.1
18067,NaN,94.5092,3.6
18069,NaN,52.1379,2.8
18071,NaN,57.4909,2.3
18073,NaN,48.8124,3
18075,NaN,50.64,4.8
18077,NaN,54.3331,9.3
18079,NaN,62.3123,3.6
18081,NaN,44.1154,1.9
18083,NaN,42.9427,2.7
18085,NaN,46.0154,2.5
18087,NaN,42.3165,2.5
18089,NaN,77.9279,3.3
18091,NaN,67.392,2.7
18093,NaN,51.4896,4.4
18095,NaN,68.0848,3.9
18097,NaN,80.6861,2.3
18099,NaN,47.1525,8.6
18101,NaN,33.881,0
18103,NaN,64.5365,2.8
18105,NaN,47.6306,2
18107,NaN,42.3271,2.6
18109,NaN,48.4353,2.9
18111,NaN,29.27,0
18113,NaN,63.2396,2.1
18115,NaN,24.004,0
18117,NaN,70.686,5.1
18119,NaN,54.408,0
18121,NaN,35.472,0
18123,NaN,52.793,5.2
18125,NaN,44.526,0
18127,NaN,47.0999,1.8
18129,NaN,29.4056,0
18131,NaN,49.324,8
18133,NaN,48.5234,2.6
18135,NaN,51.677,4
18137,NaN,32.0321,3.5
18139,NaN,45.811,6
18141,NaN,71.2826,2.6
18143,NaN,77.1203,4.2
18145,NaN,49.3379,2.2
18147,NaN,45.6322,0
18149,NaN,59.871,4.4
18151,NaN,43.1611,2.9
18153,NaN,52.163,4.8
18155,NaN,35.589,0
18157,NaN,54.3601,3.6
18159,NaN,39.692,6.6
18161,NaN,22.191,0
18163,NaN,58.3924,3.3
18165,NaN,43.568,6.5
18167,NaN,61.0658,3.7
18169,NaN,40.3501,3.2
18171,NaN,19.898,12.1
18173,NaN,38.3234,6.4
18175,NaN,46.4541,3.6
18177,NaN,54.7473,3
18179,NaN,38.4784,3.5
18181,NaN,50.1737,4.1
18183,NaN,45.0243,2.9
19001,NaN,32.104,14.2
19003,NaN,26.8049,27.4
19005,NaN,27.7174,7.2
19007,NaN,43.9192,8
19009,NaN,22.8935,18.2
19011,NaN,39.5311,3.9
19013,NaN,49.0193,2.3
19015,NaN,28.2858,3.8
19017,NaN,32.9136,8
19019,NaN,36.4352,9.4
19021,NaN,24.8683,5
19023,NaN,33.8713,0
19025,NaN,26.9462,10.3
19027,NaN,30.614,9.9
19029,NaN,30.3348,7.7
19031,NaN,32.079,0
19033,NaN,42.3675,4.7
19035,NaN,24.4475,17.7
19037,NaN,37.8493,8.4
19039,NaN,38.2952,10.6
19041,NaN,36.4998,6.2
19043,NaN,36.8641,11.4
19045,NaN,43.223,6.4
19047,NaN,27.0785,5.8
19049,NaN,23.1465,1.1
19051,NaN,27.6285,11.1
19053,NaN,23.7487,12.7
19055,NaN,32.4155,5.9
19057,NaN,60.533,2.6
19059,NaN,40.5681,5.8
19061,NaN,44.4269,3.1
19063,NaN,39.1394,10.8
19065,NaN,37.9105,10.2
19067,NaN,41.1238,6.3
19069,NaN,25.7399,9.9
19071,NaN,18.0384,14.3
19073,NaN,29.6723,11.1
19075,NaN,33.783,8.1
19077,NaN,31.2097,9.3
19079,NaN,34.9099,6.7
19081,NaN,44.5394,9.3
19083,NaN,29.6806,11.9
19085,NaN,19.7003,7.1
19087,NaN,41.3246,10
19089,NaN,34.2607,10.9
19091,NaN,25.3667,10.5
19093,NaN,19.6624,14.6
19095,NaN,38.49936,6.2
19097,NaN,42.9768,5.1
19099,NaN,40.3764,2.7
19101,NaN,32.361,5.4
19103,NaN,38.2528,2.6
19105,NaN,37.3929,9.6
19107,NaN,34.8854,9.8
19109,NaN,26.6607,6.7
19111,NaN,51.244,8.8
19113,NaN,47.973,0.9
19115,NaN,37.7504,0
19117,NaN,26.6452,11.6
19119,NaN,13.3631,8.5
19121,NaN,42.8403,6.2
19123,NaN,44.8585,4.5
19125,NaN,44.916,9
19127,NaN,46.7998,2.5
19129,NaN,18.1804,6.6
19131,NaN,21.8583,9.5
19133,NaN,28.9173,11.5
19135,NaN,40.2695,12.8
19137,NaN,35.3446,10
19139,NaN,58.2524,2.3
19141,NaN,23.6134,14.5
19143,NaN,21.44,16.6
19145,NaN,41.5964,19.7
19147,NaN,27.1846,11.2
19149,NaN,24.5254,4
19151,NaN,18.3448,14.8
19153,NaN,42.0068,1.8
19155,NaN,26.5199,2.1
19157,NaN,37.8678,5.3
19159,NaN,21.4924,40.3
19161,NaN,21.1532,10.3
19163,NaN,43.3215,2.3
19165,NaN,21.8599,8.6
19167,NaN,16.65039,14.3
19169,NaN,25.1167,4.1
19171,NaN,36.6128,0
19173,NaN,27.3116,0
19175,NaN,44.475,8.1
19177,NaN,34.6282,14.2
19179,NaN,42.3722,2.8
19181,NaN,31.9479,0
19183,NaN,30.9277,4.5
19185,NaN,30.1309,15.6
19187,NaN,34.4483,2.8
19189,NaN,66.163,0
19191,NaN,34.4856,5
19193,NaN,32.3716,2.9
19195,NaN,38.4531,0
19197,NaN,30.3869,15.8
20001,NaN,None,16.1
20003,NaN,None,12.7
20005,NaN,None,6.2
20007,NaN,None,67.1
20009,NaN,None,11.5
20011,NaN,None,6.8
20013,NaN,None,20.8
20015,NaN,None,3
20017,NaN,None,0
20019,NaN,None,30.2
20021,NaN,None,10
20023,NaN,None,37.6
20025,NaN,None,99.8
20027,NaN,None,12.5
20029,NaN,None,11.5
20031,NaN,None,24.3
20033,NaN,None,57.2
20035,NaN,None,5.7
20037,NaN,None,5.1
20039,NaN,None,34.8
20041,NaN,None,10.7
20043,NaN,None,0
20045,NaN,None,0.8
20047,NaN,None,35.1
20049,NaN,None,0
20051,NaN,None,3.5
20053,NaN,None,16.1
20055,NaN,None,2.7
20057,NaN,None,3
20059,NaN,None,3.9
20061,NaN,None,6.1
20063,NaN,None,38.3
20065,NaN,None,40.1
20067,NaN,None,13.6
20069,NaN,None,0
20071,NaN,None,81.5
20073,NaN,None,16.5
20075,NaN,None,38.4
20077,NaN,None,54.5
20079,NaN,None,5.8
20081,NaN,None,25
20083,NaN,None,55
20085,NaN,None,7.5
20087,NaN,None,5.3
20089,NaN,None,35.2
20091,NaN,None,2.8
20093,NaN,None,25.4
20095,NaN,None,13.7
20097,NaN,None,39.7
20099,NaN,None,15
20101,NaN,None,64.1
20103,NaN,None,3.7
20105,NaN,None,33.1
20107,NaN,None,0
20109,NaN,None,35.2
20111,NaN,None,3
20113,NaN,None,10.5
20115,NaN,None,16.7
20117,NaN,None,10.3
20119,NaN,None,24.1
20121,NaN,None,5.9
20123,NaN,None,16.3
20125,NaN,None,6.2
20127,NaN,None,18.1
20129,NaN,None,37.5
20131,NaN,None,19.7
20133,NaN,None,6.3
20135,NaN,None,105.6
20137,NaN,None,18.4
20139,NaN,None,0
20141,NaN,None,28.8
20143,NaN,None,17.2
20145,NaN,None,30.5
20147,NaN,None,18.8
20149,NaN,None,12.4
20151,NaN,None,10.7
20153,NaN,None,39.9
20155,NaN,None,3.2
20157,NaN,None,21.4
20159,NaN,None,10.5
20161,NaN,None,2.7
20163,NaN,None,19.9
20165,NaN,None,32.3
20167,NaN,None,14.5
20169,NaN,None,3.7
20171,NaN,None,40.8
20173,NaN,None,2.7
20175,NaN,None,4.6
20177,NaN,None,2.8
20179,NaN,None,39.5
20181,NaN,None,17
20183,NaN,None,27.8
20185,NaN,None,23.9
20187,NaN,None,50.3
20189,NaN,None,18
20191,NaN,None,8.7
20193,NaN,None,13
20195,NaN,None,35.8
20197,NaN,None,0
20199,NaN,None,0
20201,NaN,None,36.9
20203,NaN,None,47.5
20205,NaN,None,23.1
20207,NaN,None,0
20209,NaN,None,2.4
21001,NaN,70.9733,5.2
21003,NaN,69.8899,4.7
21005,NaN,71.4968,0
21007,NaN,67.9953,0
21009,NaN,75.831,2.3
21011,NaN,86.1647,0
21013,NaN,43.4489,7.5
21015,NaN,46.8827,1.5
21017,NaN,146.4981,5
21019,NaN,52.3285,2.1
21021,NaN,65.464,3.3
21023,NaN,44.7024,0
21025,NaN,65.8088,7.9
21027,NaN,48.8687,4.9
21029,NaN,41.6554,0
21031,NaN,99.1073,0
21033,NaN,57.5655,7.9
21035,NaN,74.4444,2.6
21037,NaN,30.3452,2.1
21039,NaN,49.4859,0
21041,NaN,58.0602,9.3
21043,NaN,108.8434,0
21045,NaN,150.639,6.3
21047,NaN,71.0811,4.2
21049,NaN,56.1357,0
21051,NaN,75.8671,5
21053,NaN,55.0934,9.8
21055,NaN,44.2297,11.2
21057,NaN,95.655,15
21059,NaN,47.4292,3
21061,NaN,81.863,0
21063,NaN,74.1682,0
21065,NaN,76.924,7
21067,NaN,92.2144,3.4
21069,NaN,63.5257,6.9
21071,NaN,78.349,8.4
21073,NaN,108.2412,2
21075,NaN,90.5837,16.3
21077,NaN,70.5602,0
21079,NaN,65.9126,5.7
21081,NaN,51.5145,4
21083,NaN,81.7922,2.7
21085,NaN,131.159,3.8
21087,NaN,75.26,9.1
21089,NaN,84.4213,2.8
21091,NaN,286.3004,0
21093,NaN,69.764,3.6
21095,NaN,76.3223,3.8
21097,NaN,58.2944,5.3
21099,NaN,324.5365,5.3
21101,NaN,39.2243,2.2
21103,NaN,53.2949,0
21105,NaN,93.8923,0
21107,NaN,118.0301,2.2
21109,NaN,129.9201,0
21111,NaN,53.9055,2.2
21113,NaN,49.0347,0
21115,NaN,54.878,4.5
21117,NaN,37.7782,3
21119,NaN,82.5944,0
21121,NaN,152.925,3.2
21123,NaN,91.909,0
21125,NaN,73.27,3.3
21127,NaN,76.0331,6.4
21129,NaN,136.7238,0
21131,NaN,61.023,9.9
21133,NaN,72.6911,4.6
21135,NaN,88.9141,0
21137,NaN,102.475,4.1
21139,NaN,99.3672,10.8
21141,NaN,62.8555,3.7
21143,NaN,94.4186,0
21145,NaN,65.3421,3.1
21147,NaN,92.1399,0
21149,NaN,76.4601,0
21151,NaN,64.5611,2.2
21153,NaN,150.221,0
21155,NaN,95.575,5.2
21157,NaN,75.6174,3.2
21159,NaN,130.345,0
21161,NaN,104.2576,5.8
21163,NaN,60.8784,0
21165,NaN,144.298,0
21167,NaN,213.391,4.6
21169,NaN,141.6627,0
21171,NaN,106.4203,9.3
21173,NaN,78.791,3.5
21175,NaN,91.6462,7.5
21177,NaN,75.4929,3.2
21179,NaN,84.195,2.2
21181,NaN,179.5116,14
21183,NaN,86.58,4.2
21185,NaN,38.0661,3
21187,NaN,80.5165,9.2
21189,NaN,55.0665,0
21191,NaN,62.703,0
21193,NaN,82.318,3.8
21195,NaN,63.8281,3.4
21197,NaN,93.2197,0
21199,NaN,88.214,1.5
21201,NaN,41.7644,0
21203,NaN,114.3549,6
21205,NaN,87.3886,4.1
21207,NaN,234.085,5.6
21209,NaN,107.2591,1.8
21211,NaN,50.849,2.1
21213,NaN,145.2175,5.4
21215,NaN,60.711,0
21217,NaN,91.1595,3.9
21219,NaN,27.2122,0
21221,NaN,91.2879,6.8
21223,NaN,93.8402,0
21225,NaN,113.7524,6.9
21227,NaN,88.4013,3
21229,NaN,91.857,0
21231,NaN,92.9389,4.9
21233,NaN,78.734,0
21235,NaN,101.9853,2.8
21237,NaN,193.6185,0
21239,NaN,55.3524,3.8
22001,NaN,None,6.4
22003,NaN,None,7.8
22005,NaN,None,4
22007,NaN,None,4.5
22009,NaN,None,7.4
22011,NaN,None,5.4
22013,NaN,None,7.5
22015,NaN,None,3.9
22017,NaN,None,5.8
22019,NaN,None,6.4
22021,NaN,None,20.1
22023,NaN,None,14.4
22025,NaN,None,0
22027,NaN,None,6.3
22029,NaN,None,10.2
22031,NaN,None,3.6
22033,NaN,None,4.8
22035,NaN,None,14.2
22037,NaN,None,20.7
22039,NaN,None,6
22041,NaN,None,5
22043,NaN,None,0
22045,NaN,None,4.2
22047,NaN,None,3.1
22049,NaN,None,6.3
22051,NaN,None,3.9
22053,NaN,None,12.7
22055,NaN,None,7
22057,NaN,None,3.1
22059,NaN,None,13.4
22061,NaN,None,10.6
22063,NaN,None,0.7
22065,NaN,None,9
22067,NaN,None,11.8
22069,NaN,None,5.2
22071,NaN,None,3.3
22073,NaN,None,6.5
22075,NaN,None,0
22077,NaN,None,4.6
22079,NaN,None,10.7
22081,NaN,None,23.6
22083,NaN,None,9.9
22085,NaN,None,4.2
22087,NaN,None,4.3
22089,NaN,None,1.9
22091,NaN,None,9.7
22093,NaN,None,9.5
22095,NaN,None,2.3
22097,NaN,None,7.2
22099,NaN,None,3.7
22101,NaN,None,4
22103,NaN,None,5.8
22105,NaN,None,6.7
22107,NaN,None,0
22109,NaN,None,4.5
22111,NaN,None,13.4
22113,NaN,None,3.3
22115,NaN,None,10.2
22117,NaN,None,8.6
22119,NaN,None,5.2
22121,NaN,None,0
22123,NaN,None,9.1
22125,NaN,None,6.5
22127,NaN,None,21.2
23001,NaN,None,1.9
23003,NaN,None,8.9
23005,NaN,None,2.7
23007,NaN,None,3.3
23009,NaN,None,7.3
23011,NaN,None,6.6
23013,NaN,None,2.5
23015,NaN,None,5.8
23017,NaN,None,3.5
23019,NaN,None,4
23021,NaN,None,11.9
23023,NaN,None,0
23025,NaN,None,4
23027,NaN,None,2.5
23029,NaN,None,6.4
23031,NaN,None,2.4
24001,NaN,45.7143,2.8
24003,NaN,37.6453,0.5
24005,NaN,51.2682,0.7
24009,NaN,32.0309,1.1
24011,NaN,35.7608,0
24013,NaN,29.741,1.2
24015,NaN,32.8942,1.9
24017,NaN,39.1608,0.6
24019,NaN,52.214,9.4
24021,NaN,34.6978,0.4
24023,NaN,37.1827,3.4
24025,NaN,36.9907,0.8
24027,NaN,32.796,0.9
24029,NaN,39.2432,5.2
24031,NaN,35.4637,1
24033,NaN,46.325,0.7
24035,NaN,32.7298,0
24037,NaN,28.1357,0.9
24039,NaN,56.9197,3.9
24041,NaN,36.6506,2.7
24043,NaN,42.7528,2
24045,NaN,47.0816,2.9
24047,NaN,61.993,1.9
24510,NaN,62.791,2.8
25001,NaN,None,1.9
25003,NaN,None,3.2
25005,NaN,None,1.8
25007,NaN,None,5.8
25009,NaN,None,2
25011,NaN,None,1.4
25013,NaN,None,2.1
25015,NaN,None,2.5
25017,NaN,None,1.5
25019,NaN,None,8.8
25021,NaN,None,2
25023,NaN,None,1.5
25025,NaN,None,3
25027,NaN,None,1.9
26001,NaN,None,0
26003,NaN,None,11
26005,NaN,None,1.7
26007,NaN,None,3.5
26009,NaN,None,0
26011,NaN,None,6.6
26013,NaN,None,12
26015,NaN,None,1.6
26017,NaN,None,2.9
26019,NaN,None,5.6
26021,NaN,None,2.6
26023,NaN,None,2.3
26025,NaN,None,4.5
26027,NaN,None,1.9
26029,NaN,None,3.8
26031,NaN,None,0
26033,NaN,None,2.7
26035,NaN,None,3.3
26037,NaN,None,1.3
26039,NaN,None,7.2
26041,NaN,None,2.8
26043,NaN,None,7.9
26045,NaN,None,1.8
26047,NaN,None,3
26049,NaN,None,1
26051,NaN,None,3.9
26053,NaN,None,6.6
26055,NaN,None,1.1
26057,NaN,None,2.5
26059,NaN,None,2.2
26061,NaN,None,5.5
26063,NaN,None,9.6
26065,NaN,None,2
26067,NaN,None,1.6
26069,NaN,None,4
26071,NaN,None,9
26073,NaN,None,1.4
26075,NaN,None,1.3
26077,NaN,None,0.8
26079,NaN,None,5.6
26081,NaN,None,1.2
26083,NaN,None,0
26085,NaN,None,0
26087,NaN,None,1.1
26089,NaN,None,0
26091,NaN,None,2
26093,NaN,None,1
26095,NaN,None,15.9
26097,NaN,None,9.3
26099,NaN,None,0.7
26101,NaN,None,4.1
26103,NaN,None,3
26105,NaN,None,3.4
26107,NaN,None,2.3
26109,NaN,None,0
26111,NaN,None,1.2
26113,NaN,None,0
26115,NaN,None,0.7
26117,NaN,None,6.3
26119,NaN,None,0
26121,NaN,None,1.7
26123,NaN,None,2
26125,NaN,None,1.4
26127,NaN,None,3.8
26129,NaN,None,4.8
26131,NaN,None,17.3
26133,NaN,None,4.3
26135,NaN,None,0
26137,NaN,None,4.1
26139,NaN,None,1
26141,NaN,None,7.9
26143,NaN,None,0
26145,NaN,None,4.2
26147,NaN,None,1.9
26149,NaN,None,3.3
26151,NaN,None,7.3
26153,NaN,None,24.8
26155,NaN,None,1.5
26157,NaN,None,3.8
26159,NaN,None,2.7
26161,NaN,None,1.9
26163,NaN,None,1.5
26165,NaN,None,3
27001,NaN,None,6.3
27003,NaN,None,0.6
27005,NaN,None,2.9
27007,NaN,None,4.3
27009,NaN,None,0
27011,NaN,None,40.1
27013,NaN,None,1.5
27015,NaN,None,11.9
27017,NaN,None,5.6
27019,NaN,None,1
27021,NaN,None,3.4
27023,NaN,None,8.4
27025,NaN,None,1.8
27027,NaN,None,0
27029,NaN,None,11.4
27031,NaN,None,18.5
27033,NaN,None,17.7
27035,NaN,None,3.1
27037,NaN,None,0.7
27039,NaN,None,0
27041,NaN,None,2.6
27043,NaN,None,7.3
27045,NaN,None,0
27047,NaN,None,3.3
27049,NaN,None,8.6
27051,NaN,None,33.2
27053,NaN,None,1
27055,NaN,None,0
27057,NaN,None,4.7
27059,NaN,None,2.5
27061,NaN,None,6.7
27063,NaN,None,10.1
27065,NaN,None,6.2
27067,NaN,None,2.3
27069,NaN,None,23.5
27071,NaN,None,8
27073,NaN,None,30
27075,NaN,None,9.4
27077,NaN,None,26.6
27079,NaN,None,3.5
27081,NaN,None,35.3
27083,NaN,None,7.8
27085,NaN,None,5.6
27087,NaN,None,18.1
27089,NaN,None,21.3
27091,NaN,None,5.1
27093,NaN,None,4.3
27095,NaN,None,3.8
27097,NaN,None,3
27099,NaN,None,2.5
27101,NaN,None,12.1
27103,NaN,None,2.9
27105,NaN,None,4.6
27107,NaN,None,15.4
27109,NaN,None,1.9
27111,NaN,None,3.4
27113,NaN,None,14.1
27115,NaN,None,10.2
27117,NaN,None,11.1
27119,NaN,None,6.3
27121,NaN,None,9
27123,NaN,None,1.1
27125,NaN,None,0
27127,NaN,None,6.6
27129,NaN,None,13.7
27131,NaN,None,1.5
27133,NaN,None,10.6
27135,NaN,None,6.6
27137,NaN,None,4
27139,NaN,None,1.4
27141,NaN,None,1
27143,NaN,None,6.7
27145,NaN,None,3.1
27147,NaN,None,2.7
27149,NaN,None,10.3
27151,NaN,None,21.4
27153,NaN,None,8.1
27155,NaN,None,30.2
27157,NaN,None,4.6
27159,NaN,None,7.3
27161,NaN,None,5.4
27163,NaN,None,0.8
27165,NaN,None,9.1
27167,NaN,None,16
27169,NaN,None,2
27171,NaN,None,1.5
27173,NaN,None,20.4
28001,NaN,None,6.4
28003,NaN,None,2.7
28005,NaN,None,0
28007,NaN,None,5.4
28009,NaN,None,0
28011,NaN,None,3.2
28013,NaN,None,6.9
28015,NaN,None,0
28017,NaN,None,5.8
28019,NaN,None,24.2
28021,NaN,None,11.1
28023,NaN,None,6.4
28025,NaN,None,5.2
28027,NaN,None,4.4
28029,NaN,None,7
28031,NaN,None,5.3
28033,NaN,None,1.6
28035,NaN,None,2.7
28037,NaN,None,12.8
28039,NaN,None,4.1
28041,NaN,None,7.4
28043,NaN,None,4.7
28045,NaN,None,2.1
28047,NaN,None,3.9
28049,NaN,None,3.8
28051,NaN,None,5.7
28053,NaN,None,12.1
28055,NaN,None,0
28057,NaN,None,0
28059,NaN,None,1.4
28061,NaN,None,6.1
28063,NaN,None,14.1
28065,NaN,None,8.9
28067,NaN,None,2.9
28069,NaN,None,0
28071,NaN,None,3.7
28073,NaN,None,3.2
28075,NaN,None,9.3
28077,NaN,None,8
28079,NaN,None,4.4
28081,NaN,None,3.5
28083,NaN,None,6.9
28085,NaN,None,2.9
28087,NaN,None,1.7
28089,NaN,None,1.9
28091,NaN,None,4
28093,NaN,None,2.8
28095,NaN,None,5.6
28097,NaN,None,20
28099,NaN,None,6.9
28101,NaN,None,9.3
28103,NaN,None,9.5
28105,NaN,None,2
28107,NaN,None,2.9
28109,NaN,None,3.6
28111,NaN,None,8.4
28113,NaN,None,5.1
28115,NaN,None,3.1
28117,NaN,None,4
28119,NaN,None,14.2
28121,NaN,None,4.5
28123,NaN,None,7.1
28125,NaN,None,22.8
28127,NaN,None,7.5
28129,NaN,None,6.2
28131,NaN,None,5.3
28133,NaN,None,11.7
28135,NaN,None,7.1
28137,NaN,None,3.5
28139,NaN,None,4.5
28141,NaN,None,5.1
28143,NaN,None,0
28145,NaN,None,3.5
28147,NaN,None,6.9
28149,NaN,None,4.3
28151,NaN,None,6.7
28153,NaN,None,4.9
28155,NaN,None,10.2
28157,NaN,None,22.7
28159,NaN,None,11
28161,NaN,None,8.1
28163,NaN,None,3.5
29001,NaN,31.6323,3.9
29003,NaN,28.739,0
29005,NaN,17.085,19.3
29007,NaN,39.2046,3.9
29009,NaN,35.2684,5.6
29011,NaN,30.0069,8.5
29013,NaN,33.1594,6.1
29015,NaN,49.4076,0
29017,NaN,44.8193,0
29019,NaN,32.4053,3.9
29021,NaN,39.4007,3.4
29023,NaN,56.9697,11.7
29025,NaN,32.1312,0
29027,NaN,32.3389,4.5
29029,NaN,48.1498,4.4
29031,NaN,41.7,3.8
29033,NaN,27.1642,11.4
29035,NaN,48.846,0
29037,NaN,33.7042,1.9
29039,NaN,32.3038,14.1
29041,NaN,27.1324,0
29043,NaN,38.1926,0
29045,NaN,18.434,0
29047,NaN,68.5699,2.8
29049,NaN,34.7863,4.9
29051,NaN,32.6736,2.6
29053,NaN,38.3318,5.7
29055,NaN,48.5688,4.2
29057,NaN,28.6522,0
29059,NaN,39.8036,0
29061,NaN,26.9529,0
29063,NaN,25.0308,0
29065,NaN,33.2327,6.5
29067,NaN,39.5774,0
29069,NaN,48.2872,3.4
29071,NaN,44.4356,1
29073,NaN,37.6467,6.8
29075,NaN,19.0443,15.1
29077,NaN,44.4466,3.1
29079,NaN,33.6784,10.1
29081,NaN,23.7806,11.9
29083,NaN,43.6521,9.2
29085,NaN,30.7352,0
29087,NaN,21.406,0
29089,NaN,26.4041,0
29091,NaN,49.6336,5
29093,NaN,47.1868,9.8
29095,NaN,48.626,2.6
29097,NaN,41.4772,1.7
29099,NaN,46.9942,0.4
29101,NaN,41.1511,1.9
29103,NaN,21.8322,0
29105,NaN,53.5409,2.8
29107,NaN,35.0007,3.1
29109,NaN,37.8841,5.2
29111,NaN,16.399,0
29113,NaN,47.9678,1.7
29115,NaN,41.9356,8.3
29117,NaN,24.931,6.6
29119,NaN,33.15215,0
29121,NaN,32.0905,6.6
29123,NaN,50.0015,8.2
29125,NaN,35.8643,0
29127,NaN,28.7317,3.5
29129,NaN,19.8254,0
29131,NaN,46.4139,0
29133,NaN,44.9131,0
29135,NaN,29.8386,0
29137,NaN,40.7341,0
29139,NaN,35.5004,0
29141,NaN,44.7664,0
29143,NaN,39.2264,0
29145,NaN,40.0427,8.6
29147,NaN,30.64367,4.5
29149,NaN,42.0945,0
29151,NaN,20.1785,0
29153,NaN,40.5565,0
29155,NaN,57.5678,6.1
29157,NaN,51.8828,5.2
29159,NaN,46.427,2.4
29161,NaN,36.7519,2.2
29163,NaN,41.0722,5.4
29165,NaN,33.0562,1
29167,NaN,32.0736,3.1
29169,NaN,48.997,1.9
29171,NaN,14.4006,21
29173,NaN,27.9165,0
29175,NaN,44.2187,4
29177,NaN,46.4332,4.4
29179,NaN,34.5948,16
29181,NaN,56.4722,7.5
29183,NaN,36.1092,2.3
29185,NaN,37.954,10.6
29186,NaN,34.6467,5.6
29187,NaN,51.7388,6
29189,NaN,48.6317,2.2
29195,NaN,28.9737,8.7
29197,NaN,23.9776,0
29199,NaN,14.8939,20.1
29201,NaN,45.15,2.6
29203,NaN,52.1237,0
29205,NaN,26.8213,0
29207,NaN,41.9566,3.4
29209,NaN,68.1156,0
29211,NaN,28.7425,16.1
29213,NaN,106.0942,1.8
29215,NaN,36.407,3.9
29217,NaN,30.0191,9.7
29219,NaN,43.6003,0
29221,NaN,50.4676,4
29223,NaN,45.9992,0
29225,NaN,36.9747,0
29227,NaN,19.502,0
29229,NaN,41.9709,0
29510,NaN,65.888,4.6
30001,NaN,None,10.6
30003,NaN,None,15
30005,NaN,None,14.7
30007,NaN,None,16.4
30009,NaN,None,9.3
30011,NaN,None,80.8
30013,NaN,None,3.7
30015,NaN,None,34.8
30017,NaN,None,8.6
30019,NaN,None,57.2
30021,NaN,None,11.5
30023,NaN,None,21.9
30025,NaN,None,34.2
30027,NaN,None,9
30029,NaN,None,2.9
30031,NaN,None,1.8
30033,NaN,None,78.9
30035,NaN,None,14.5
30037,NaN,None,0
30039,NaN,None,29.6
30041,NaN,None,6.1
30043,NaN,None,0
30045,NaN,None,0
30047,NaN,None,6.6
30049,NaN,None,4.4
30051,NaN,None,41.2
30053,NaN,None,5.1
30055,NaN,None,59.7
30057,NaN,None,22.8
30059,NaN,None,53.6
30061,NaN,None,23.2
30063,NaN,None,1.7
30065,NaN,None,21.5
30067,NaN,None,12
30069,NaN,None,0
30071,NaN,None,24.5
30073,NaN,None,16.7
30075,NaN,None,0
30077,NaN,None,14.4
30079,NaN,None,92
30081,NaN,None,2.3
30083,NaN,None,9.2
30085,NaN,None,27.1
30087,NaN,None,11
30089,NaN,None,8.4
30091,NaN,None,29.2
30093,NaN,None,5.7
30095,NaN,None,10.5
30097,NaN,None,27
30099,NaN,None,16.2
30101,NaN,None,20.6
30103,NaN,None,0
30105,NaN,None,13.4
30107,NaN,None,44.7
30109,NaN,None,0
30111,NaN,None,2.5
31001,NaN,24.1994,3.2
31003,NaN,7.113,31.6
31005,NaN,0,0
31007,NaN,0,0
31009,NaN,1.16,0
31011,NaN,7.795,19.1
31013,NaN,19.3984,9.3
31015,NaN,3.9,51.2
31017,NaN,3.733,33.6
31019,NaN,25.3028,6
31021,NaN,20.106,15.4
31023,NaN,22.8063,12.4
31025,NaN,24.2448,0
31027,NaN,9.4132,0
31029,NaN,5.054,25.1
31031,NaN,8.003,17.4
31033,NaN,24.6348,21.5
31035,NaN,15.004,0
31037,NaN,13.6557,9.2
31039,NaN,12.504,11.2
31041,NaN,15.1378,18.5
31043,NaN,18.0575,0
31045,NaN,11.7022,11.5
31047,NaN,18.9462,12.7
31049,NaN,8.247,0
31051,NaN,8.642,0
31053,NaN,23.0896,2.7
31055,NaN,34.216,3.2
31057,NaN,1.623,56.5
31059,NaN,13.501,18.1
31061,NaN,11.861,33.1
31063,NaN,8.06,0
31065,NaN,13.546,21.2
31067,NaN,23.2429,4.7
31069,NaN,10.879,52.7
31071,NaN,4.962,0
31073,NaN,6.488,0
31075,NaN,0,0
31077,NaN,8.426,0
31079,NaN,33.7,4.9
31081,NaN,18.9367,10.8
31083,NaN,6.182,29.4
31085,NaN,1.306,0
31087,NaN,5.688,0
31089,NaN,10.845,19.7
31091,NaN,0.959,0
31093,NaN,18.516,15.5
31095,NaN,15.665,14.1
31097,NaN,18.742,19.5
31099,NaN,16.378,15.3
31101,NaN,17.5012,12.5
31103,NaN,0,0
31105,NaN,15.749,27.6
31107,NaN,12.3975,11.9
31109,NaN,27.2104,2.5
31111,NaN,22.6117,2.8
31113,NaN,2.962,0
31115,NaN,1.73,0
31117,NaN,0.903,0
31119,NaN,21.2728,8.5
31121,NaN,17.8156,12.9
31123,NaN,17.274,21.3
31125,NaN,7.792,28.3
31127,NaN,20.794,14.4
31129,NaN,9.649,23.8
31131,NaN,41.843,18.8
31133,NaN,8.461,38
31135,NaN,2.197,34.1
31137,NaN,13.464,11.1
31139,NaN,11.0925,28
31141,NaN,23.4343,3
31143,NaN,10.957,18.9
31145,NaN,15.743,9.3
31147,NaN,17.1354,12.6
31149,NaN,2.299,73.5
31151,NaN,17.1165,13.9
31153,NaN,25.1752,2.2
31155,NaN,23.4833,4.7
31157,NaN,26.067,2.8
31159,NaN,20.647,5.8
31161,NaN,6.474,19.3
31163,NaN,11.238,0
31165,NaN,0,0
31167,NaN,7.899,0
31169,NaN,10.624,19.8
31171,NaN,4.252,0
31173,NaN,19.785,27.4
31175,NaN,11.438,23.9
31177,NaN,20.0331,4.8
31179,NaN,12.3562,10.6
31181,NaN,12.811,28.3
31183,NaN,9.094,0
31185,NaN,22.3969,14.5
32001,NaN,36.4398,4.1
32003,NaN,84.238,2.1
32005,NaN,39.5365,4.1
32007,NaN,34.0697,3.8
32009,NaN,19.575,0
32011,NaN,15.9911,0
32013,NaN,33.0814,6
32015,NaN,28.0259,17.9
32017,NaN,20.1171,19.2
32019,NaN,53.983,5.4
32021,NaN,35.1252,22.2
32023,NaN,50.1138,4.4
32027,NaN,21.137,15
32029,NaN,13.2464,0
32031,NaN,50.015,3
32033,NaN,26.7849,10.6
32510,NaN,53.706,5.4
33001,NaN,None,3.3
33003,NaN,None,4.1
33005,NaN,None,1.3
33007,NaN,None,9.5
33009,NaN,None,5.6
33011,NaN,None,2.6
33013,NaN,None,2.6
33015,NaN,None,1.9
33017,NaN,None,2.3
33019,NaN,None,2.3
34001,NaN,None,3.4
34003,NaN,None,1.1
34005,NaN,None,2
34007,NaN,None,2.2
34009,NaN,None,1.1
34011,NaN,None,2.6
34013,NaN,None,1.6
34015,NaN,None,1
34017,NaN,None,1.2
34019,NaN,None,0.8
34021,NaN,None,3.2
34023,NaN,None,1.6
34025,NaN,None,1.3
34027,NaN,None,2
34029,NaN,None,1.5
34031,NaN,None,1.2
34033,NaN,None,3.2
34035,NaN,None,1.5
34037,NaN,None,1.4
34039,NaN,None,1.8
34041,NaN,None,2.8
35001,NaN,None,2.5
35003,NaN,None,0
35005,NaN,None,4.6
35006,NaN,None,11.2
35007,NaN,None,8.3
35009,NaN,None,2
35011,NaN,None,0
35013,NaN,None,2.8
35015,NaN,None,3.5
35017,NaN,None,3.7
35019,NaN,None,23
35021,NaN,None,0
35023,NaN,None,0
35025,NaN,None,2.9
35027,NaN,None,5.1
35028,NaN,None,5.2
35029,NaN,None,4.2
35031,NaN,None,5.5
35033,NaN,None,0
35035,NaN,None,3
35037,NaN,None,12.1
35039,NaN,None,2.6
35041,NaN,None,5.3
35043,NaN,None,1.4
35045,NaN,None,2.4
35047,NaN,None,7.2
35049,NaN,None,2
35051,NaN,None,9.1
35053,NaN,None,6
35055,NaN,None,3
35057,NaN,None,0
35059,NaN,None,24.3
35061,NaN,None,0
36001,NaN,35.8261,2.3
36003,NaN,42.9699,4.3
36005,NaN,88.9514,1
36007,NaN,49.6766,2.1
36009,NaN,55.897,1.3
36011,NaN,45.9724,1.3
36013,NaN,52.7853,3.9
36015,NaN,35.6848,3.6
36017,NaN,43.0885,2.1
36019,NaN,49.31,1.2
36021,NaN,30.8646,1.7
36023,NaN,45.5794,2.1
36025,NaN,37.6485,9
36027,NaN,38.8941,1.4
36029,NaN,52.8374,1.7
36031,NaN,22.3649,8
36033,NaN,30.5691,6
36035,NaN,45.3418,1.9
36037,NaN,45.2679,5.2
36039,NaN,46.3065,0
36041,NaN,22.5901,0
36043,NaN,52.395,1.6
36045,NaN,28.072,2.7
36047,NaN,62.6148,0.7
36049,NaN,26.579,3.8
36051,NaN,44.8802,1.6
36053,NaN,44.6477,2.8
36055,NaN,48.7189,1.1
36057,NaN,58.039,4
36059,NaN,43.3033,1
36061,NaN,42.5843,1.7
36063,NaN,62.398,2.4
36065,NaN,48.8773,3
36067,NaN,47.7189,1.5
36069,NaN,20.5921,3.6
36071,NaN,43.6576,1.8
36073,NaN,50.1187,2.5
36075,NaN,57.227,1.7
36077,NaN,26.9904,3.3
36079,NaN,35.8939,1
36081,NaN,60.1343,0.6
36083,NaN,38.0551,1.9
36085,NaN,51.8121,1.3
36087,NaN,39.7485,1.2
36089,NaN,44.9715,4.6
36091,NaN,35.9657,0.9
36093,NaN,47.2718,2.6
36095,NaN,27.9982,3.2
36097,NaN,25.86,5.6
36099,NaN,42.7589,0
36101,NaN,23.414,6.3
36103,NaN,47.0823,0.9
36105,NaN,46.3549,2.6
36107,NaN,28.8193,0
36109,NaN,30.121,1
36111,NaN,44.6898,1.7
36113,NaN,53.577,1.6
36115,NaN,44.2754,0
36117,NaN,46.5067,1.1
36119,NaN,43.6274,1.9
36121,NaN,53.2,2.5
36123,NaN,20.2649,4
37001,NaN,None,0.6
37003,NaN,None,2.7
37005,NaN,None,9
37007,NaN,None,4
37009,NaN,None,3.7
37011,NaN,None,5.7
37013,NaN,None,4.2
37015,NaN,None,5.3
37017,NaN,None,3
37019,NaN,None,2.2
37021,NaN,None,1.5
37023,NaN,None,2.2
37025,NaN,None,0.9
37027,NaN,None,1.2
37029,NaN,None,0
37031,NaN,None,1.4
37033,NaN,None,0
37035,NaN,None,1.3
37037,NaN,None,1.4
37039,NaN,None,3.5
37041,NaN,None,7.1
37043,NaN,None,0
37045,NaN,None,4.1
37047,NaN,None,1.8
37049,NaN,None,1.9
37051,NaN,None,1.2
37053,NaN,None,0
37055,NaN,None,2.7
37057,NaN,None,1.2
37059,NaN,None,4.7
37061,NaN,None,1.7
37063,NaN,None,1.9
37065,NaN,None,1.9
37067,NaN,None,1.8
37069,NaN,None,1.5
37071,NaN,None,0.9
37073,NaN,None,0
37075,NaN,None,0
37077,NaN,None,1.7
37079,NaN,None,0
37081,NaN,None,1.3
37083,NaN,None,4
37085,NaN,None,1.5
37087,NaN,None,1.6
37089,NaN,None,1.7
37091,NaN,None,4.2
37093,NaN,None,3.7
37095,NaN,None,0
37097,NaN,None,1.7
37099,NaN,None,2.3
37101,NaN,None,0.5
37103,NaN,None,0
37105,NaN,None,1.6
37107,NaN,None,1.8
37109,NaN,None,1.2
37111,NaN,None,2.2
37113,NaN,None,5.7
37115,NaN,None,0
37117,NaN,None,4.4
37119,NaN,None,1.3
37121,NaN,None,6.7
37123,NaN,None,3.7
37125,NaN,None,1
37127,NaN,None,2.1
37129,NaN,None,0.9
37131,NaN,None,0
37133,NaN,None,1.5
37135,NaN,None,0.7
37137,NaN,None,0
37139,NaN,None,2.5
37141,NaN,None,1.6
37143,NaN,None,0
37145,NaN,None,2.5
37147,NaN,None,0.6
37149,NaN,None,4.9
37151,NaN,None,0.7
37153,NaN,None,4.5
37155,NaN,None,0.8
37157,NaN,None,2.2
37159,NaN,None,1.4
37161,NaN,None,1.5
37163,NaN,None,1.6
37165,NaN,None,2.9
37167,NaN,None,1.6
37169,NaN,None,2.2
37171,NaN,None,2.8
37173,NaN,None,21.1
37175,NaN,None,2.9
37177,NaN,None,0
37179,NaN,None,0.4
37181,NaN,None,2.2
37183,NaN,None,0.7
37185,NaN,None,0
37187,NaN,None,8.4
37189,NaN,None,1.8
37191,NaN,None,0.8
37193,NaN,None,1.5
37195,NaN,None,1.2
37197,NaN,None,2.7
37199,NaN,None,0
38001,NaN,None,43.6
38003,NaN,None,9.5
38005,NaN,None,0
38007,NaN,None,0
38009,NaN,None,15.6
38011,NaN,None,32.5
38013,NaN,None,0
38015,NaN,None,2.1
38017,NaN,None,5
38019,NaN,None,26.1
38021,NaN,None,20.4
38023,NaN,None,43.8
38025,NaN,None,0
38027,NaN,None,0
38029,NaN,None,30.3
38031,NaN,None,31.1
38033,NaN,None,0
38035,NaN,None,7.1
38037,NaN,None,42.1
38039,NaN,None,44.8
38041,NaN,None,0
38043,NaN,None,0
38045,NaN,None,0
38047,NaN,None,0
38049,NaN,None,0
38051,NaN,None,77.4
38053,NaN,None,7.3
38055,NaN,None,21
38057,NaN,None,12.1
38059,NaN,None,3.2
38061,NaN,None,9.8
38063,NaN,None,34.9
38065,NaN,None,0
38067,NaN,None,14.4
38069,NaN,None,24.5
38071,NaN,None,8.7
38073,NaN,None,19.1
38075,NaN,None,0
38077,NaN,None,0
38079,NaN,None,14
38081,NaN,None,0
38083,NaN,None,0
38085,NaN,None,22.9
38087,NaN,None,0
38089,NaN,None,6.5
38091,NaN,None,0
38093,NaN,None,9.6
38095,NaN,None,45.6
38097,NaN,None,24.9
38099,NaN,None,18.7
38101,NaN,None,4.4
38103,NaN,None,25.3
38105,NaN,None,5.7
39001,NaN,55.0183,3.6
39003,NaN,74.571,4.9
39005,NaN,42.7225,1.9
39007,NaN,50.6872,5.1
39009,NaN,41.671,4.6
39011,NaN,53.8599,2.2
39013,NaN,51.109,5.9
39015,NaN,48.3375,2.3
39017,NaN,45.6059,2.4
39019,NaN,58.5955,0
39021,NaN,53.724,2.6
39023,NaN,68.2492,3
39025,NaN,42.6646,0.5
39027,NaN,63.5736,2.4
39029,NaN,56.609,1.9
39031,NaN,60.7755,2.7
39033,NaN,72.9524,4.8
39035,NaN,73.3398,2.3
39037,NaN,53.2748,1.9
39039,NaN,61.4285,7.9
39041,NaN,40.587,1.5
39043,NaN,83.88,2.7
39045,NaN,51.9203,1.3
39047,NaN,52.7081,3.5
39049,NaN,63.0887,2.1
39051,NaN,62.6305,2.4
39053,NaN,51.5385,3.3
39055,NaN,37.143,2.1
39057,NaN,51.6985,1.8
39059,NaN,50.7973,5.1
39061,NaN,49.1585,2.8
39063,NaN,61.2694,1.3
39065,NaN,61.2204,3.2
39067,NaN,47.6987,6.6
39069,NaN,62.373,3.7
39071,NaN,58.4469,4.6
39073,NaN,48.1479,3.5
39075,NaN,17.8589,2.3
39077,NaN,72.244,3.4
39079,NaN,60.3,3.1
39081,NaN,58.036,6.1
39083,NaN,40.3243,1.6
39085,NaN,59.4536,1.3
39087,NaN,43.849,1.7
39089,NaN,41.9361,2.3
39091,NaN,65.7979,4.4
39093,NaN,59.607,2.6
39095,NaN,80.668,3.3
39097,NaN,43.2018,2.3
39099,NaN,76.991,4.4
39101,NaN,53.4248,1.5
39103,NaN,43.7765,1.7
39105,NaN,51.866,0
39107,NaN,40.931,2.4
39109,NaN,52.5904,1.9
39111,NaN,54.8741,0
39113,NaN,69.887,3.2
39115,NaN,53.3895,0
39117,NaN,47.0233,2.8
39119,NaN,54.552,1.2
39121,NaN,57.4158,0
39123,NaN,54.17,2.5
39125,NaN,48.4602,5.3
39127,NaN,55.4077,0
39129,NaN,41.9808,1.7
39131,NaN,52.536,3.6
39133,NaN,50.4012,0.6
39135,NaN,40.6671,0
39137,NaN,45.9664,0
39139,NaN,64.0848,3.3
39141,NaN,48.6879,2.6
39143,NaN,68.104,5.1
39145,NaN,52.593,2.6
39147,NaN,66.4082,7.2
39149,NaN,62.9218,2.1
39151,NaN,65.273,2.2
39153,NaN,63.398,2.6
39155,NaN,75.751,3
39157,NaN,51.884,3.3
39159,NaN,47.2529,1.7
39161,NaN,65.5392,7.1
39163,NaN,48.4504,0
39165,NaN,42.1622,1.7
39167,NaN,52.579,3.3
39169,NaN,36.6936,1.7
39171,NaN,55.6672,5.4
39173,NaN,52.4097,0.8
39175,NaN,57.773,4.6
40001,NaN,None,4.5
40003,NaN,None,0
40005,NaN,None,7.2
40007,NaN,None,18.8
40009,NaN,None,9.2
40011,NaN,None,21.1
40013,NaN,None,2.1
40015,NaN,None,6.9
40017,NaN,None,1.4
40019,NaN,None,4.2
40021,NaN,None,4.1
40023,NaN,None,13.6
40025,NaN,None,46.4
40027,NaN,None,2.1
40029,NaN,None,18.1
40031,NaN,None,4.2
40033,NaN,None,0
40035,NaN,None,7
40037,NaN,None,4.2
40039,NaN,None,6.9
40041,NaN,None,2.3
40043,NaN,None,20.4
40045,NaN,None,25.3
40047,NaN,None,4.9
40049,NaN,None,7.2
40051,NaN,None,1.8
40053,NaN,None,0
40055,NaN,None,17.2
40057,NaN,None,37.5
40059,NaN,None,26.3
40061,NaN,None,7.9
40063,NaN,None,7.5
40065,NaN,None,4
40067,NaN,None,16.3
40069,NaN,None,9.1
40071,NaN,None,4.5
40073,NaN,None,6.3
40075,NaN,None,11.5
40077,NaN,None,19.5
40079,NaN,None,2
40081,NaN,None,5.7
40083,NaN,None,2.1
40085,NaN,None,9.9
40087,NaN,None,2.5
40089,NaN,None,3.1
40091,NaN,None,5
40093,NaN,None,13.1
40095,NaN,None,6
40097,NaN,None,2.4
40099,NaN,None,7.2
40101,NaN,None,5.9
40103,NaN,None,8.9
40105,NaN,None,9.8
40107,NaN,None,8.3
40109,NaN,None,4
40111,NaN,None,10.4
40113,NaN,None,4.3
40115,NaN,None,6.4
40117,NaN,None,6.1
40119,NaN,None,2.4
40121,NaN,None,4.6
40123,NaN,None,7.8
40125,NaN,None,2.8
40127,NaN,None,8.9
40129,NaN,None,27.4
40131,NaN,None,2.2
40133,NaN,None,4.1
40135,NaN,None,2.4
40137,NaN,None,2.3
40139,NaN,None,4.9
40141,NaN,None,13.6
40143,NaN,None,3.7
40145,NaN,None,1.2
40147,NaN,None,1.9
40149,NaN,None,9
40151,NaN,None,11.2
40153,NaN,None,9.9
41001,NaN,None,6.2
41003,NaN,None,1.1
41005,NaN,None,1
41007,NaN,None,5
41009,NaN,None,0
41011,NaN,None,4.7
41013,NaN,None,8.4
41015,NaN,None,8.8
41017,NaN,None,1
41019,NaN,None,2.7
41021,NaN,None,0
41023,NaN,None,13.9
41025,NaN,None,13.6
41027,NaN,None,4.3
41029,NaN,None,1.4
41031,NaN,None,4.1
41033,NaN,None,1.1
41035,NaN,None,1.5
41037,NaN,None,12.7
41039,NaN,None,1.6
41041,NaN,None,4
41043,NaN,None,1.6
41045,NaN,None,3.3
41047,NaN,None,1.2
41049,NaN,None,8.8
41051,NaN,None,1.5
41053,NaN,None,1.2
41055,NaN,None,0
41057,NaN,None,3.7
41059,NaN,None,2.6
41061,NaN,None,3.8
41063,NaN,None,14.1
41065,NaN,None,3.8
41067,NaN,None,0.8
41069,NaN,None,0
41071,NaN,None,1.9
42001,NaN,22.314,1
42003,NaN,21.89,2.6
42005,NaN,37.471,1.5
42007,NaN,31.437,1.2
42009,NaN,41.531,2.1
42011,NaN,28.078,1.4
42013,NaN,34.093,4.1
42015,NaN,21.3845,4.9
42017,NaN,17.9835,1.6
42019,NaN,23.645,1.6
42021,NaN,34.637,3
42023,NaN,77.084,0
42025,NaN,30.307,3.1
42027,NaN,15.22,1.8
42029,NaN,13.7864,1.9
42031,NaN,35.248,5.2
42033,NaN,39.292,2.5
42035,NaN,27.739,5.2
42037,NaN,29.566,3.1
42039,NaN,30.728,2.4
42041,NaN,18.9531,2
42043,NaN,24.129,2.9
42045,NaN,19.9893,1.4
42047,NaN,68.154,3.3
42049,NaN,29.688,3.3
42051,NaN,36.915,1.5
42053,NaN,33.171,0
42055,NaN,25.3142,1.9
42057,NaN,63.4354,6.9
42059,NaN,26.0343,2.7
42061,NaN,50.882,2.2
42063,NaN,29.787,1.2
42065,NaN,39.164,4.6
42067,NaN,34.531,0
42069,NaN,25.8,2.8
42071,NaN,23.564,1.1
42073,NaN,29.502,2.3
42075,NaN,24.502,2.1
42077,NaN,27.198,2.7
42079,NaN,30.322,2.5
42081,NaN,29.744,3.5
42083,NaN,31.98,4.9
42085,NaN,33.1,4.5
42087,NaN,40.392,2.2
42089,NaN,22.651,1.2
42091,NaN,16.4722,1.8
42093,NaN,18.2138,21.9
42095,NaN,21.5017,1
42097,NaN,33.33,2.2
42099,NaN,24.78,0
42101,NaN,25.7464,2.2
42103,NaN,16.2683,0
42105,NaN,29.2389,6
42107,NaN,33.315,2.1
42109,NaN,31.209,0
42111,NaN,33.477,4.1
42113,NaN,23.9575,0
42115,NaN,15.5048,7.4
42117,NaN,29.7709,2.5
42119,NaN,24.224,2.2
42121,NaN,31.83,2
42123,NaN,22.8266,5.1
42125,NaN,25.942,1.9
42127,NaN,21.862,3.9
42129,NaN,29.896,1.4
42131,NaN,25.134,3.7
42133,NaN,25.296,1.8
44001,NaN,None,0
44003,NaN,None,0.6
44005,NaN,None,2.4
44007,NaN,None,2.4
44009,NaN,None,1.6
45001,NaN,None,4.1
45003,NaN,None,0.6
45005,NaN,None,11.2
45007,NaN,None,2
45009,NaN,None,0
45011,NaN,None,4.7
45013,NaN,None,2.1
45015,NaN,None,0.5
45017,NaN,None,0
45019,NaN,None,3
45021,NaN,None,1.8
45023,NaN,None,3.1
45025,NaN,None,2.2
45027,NaN,None,5.9
45029,NaN,None,2.7
45031,NaN,None,3
45033,NaN,None,3.3
45035,NaN,None,1.2
45037,NaN,None,3.7
45039,NaN,None,4.5
45041,NaN,None,4.3
45043,NaN,None,3.2
45045,NaN,None,2.3
45047,NaN,None,2.8
45049,NaN,None,5.2
45051,NaN,None,1.7
45053,NaN,None,3.5
45055,NaN,None,1.5
45057,NaN,None,1
45059,NaN,None,1.5
45061,NaN,None,5.8
45063,NaN,None,1
45065,NaN,None,0
45067,NaN,None,3.2
45069,NaN,None,3.8
45071,NaN,None,2.6
45073,NaN,None,1.3
45075,NaN,None,2.3
45077,NaN,None,1.6
45079,NaN,None,4.1
45081,NaN,None,0
45083,NaN,None,1.9
45085,NaN,None,0.9
45087,NaN,None,3.6
45089,NaN,None,3.3
45091,NaN,None,0.7
46003,NaN,None,0
46005,NaN,None,5.3
46007,NaN,None,28.8
46009,NaN,None,28.7
46011,NaN,None,2.8
46013,NaN,None,7.6
46015,NaN,None,19.1
46017,NaN,None,0
46019,NaN,None,0
46021,NaN,None,0
46023,NaN,None,21.4
46025,NaN,None,0
46027,NaN,None,7.1
46029,NaN,None,3.6
46031,NaN,None,24
46033,NaN,None,11.5
46035,NaN,None,5.1
46037,NaN,None,18.2
46039,NaN,None,23.1
46041,NaN,None,0
46043,NaN,None,34.1
46045,NaN,None,25.8
46047,NaN,None,44.4
46049,NaN,None,42.9
46051,NaN,None,14
46053,NaN,None,47.5
46055,NaN,None,52.1
46057,NaN,None,0
46059,NaN,None,30.7
46061,NaN,None,0
46063,NaN,None,0
46065,NaN,None,5.7
46067,NaN,None,27.1
46069,NaN,None,0
46071,NaN,None,0
46073,NaN,None,48.9
46075,NaN,None,0
46077,NaN,None,20.3
46079,NaN,None,15.3
46081,NaN,None,11.7
46083,NaN,None,8.5
46085,NaN,None,0
46087,NaN,None,0
46089,NaN,None,41.5
46091,NaN,None,19.6
46093,NaN,None,7.1
46095,NaN,None,0
46097,NaN,None,0
46099,NaN,None,4.1
46101,NaN,None,15.2
46102,NaN,None,0
46103,NaN,None,5.4
46105,NaN,None,0
46107,NaN,None,45.3
46109,NaN,None,9.6
46111,NaN,None,0
46115,NaN,None,15.4
46117,NaN,None,0
46119,NaN,None,0
46121,NaN,None,9.7
46123,NaN,None,18.3
46125,NaN,None,11.9
46127,NaN,None,6.4
46129,NaN,None,17.9
46135,NaN,None,13.1
46137,NaN,None,36.5
47001,279.8,None,1.3
47003,275.3,None,4.1
47005,234.8,None,6.2
47007,216.9,None,6.8
47009,264.9,None,1.5
47011,589.4,None,1.9
47013,318.3,None,5.1
47015,262.8,None,6.9
47017,292.6,None,7.1
47019,404.6,None,1.8
47021,222.6,None,2.5
47023,237.3,None,0
47025,292.9,None,3.1
47027,336.9,None,13
47029,321.5,None,2.8
47031,220.8,None,5.4
47033,209.4,None,0
47035,268.1,None,1.7
47037,280.8,None,2.2
47039,341.7,None,8.5
47041,278.1,None,5
47043,222.7,None,1.9
47045,289.4,None,2.7
47047,325.9,None,2.5
47049,345.8,None,5.5
47051,255.4,None,4.8
47053,234.5,None,4.1
47055,376.2,None,3.4
47057,302.4,None,0
47059,272.1,None,2.9
47061,449.6,None,0
47063,401.1,None,3.1
47065,317.6,None,3.6
47067,320.7,None,15.3
47069,408.4,None,4
47071,252.2,None,3.9
47073,263.6,None,1.8
47075,473,None,5.8
47077,283.7,None,3.6
47079,238,None,3.1
47081,227.4,None,4
47083,484.1,None,12.1
47085,183.9,None,5.4
47087,348.7,None,8.5
47089,342.5,None,1.9
47091,331.9,None,5.6
47093,291,None,2.4
47095,337.3,None,0
47097,325.3,None,3.9
47099,338.4,None,2.3
47101,355.8,None,0
47103,240.3,None,2.9
47105,254.5,None,1.9
47107,290.9,None,3.8
47109,251.6,None,0
47111,523.4,None,4.1
47113,340.1,None,3.1
47115,392,None,3.5
47117,276.1,None,3
47119,312.7,None,1.1
47121,349.4,None,0
47123,332.2,None,2.2
47125,147.1,None,0.5
47127,280.8,None,0
47129,203.9,None,0
47131,330.4,None,3.3
47133,290,None,4.5
47135,359.6,None,12.4
47137,551,None,0
47139,479.3,None,5.9
47141,261.3,None,1.3
47143,248.2,None,3
47145,282.3,None,3.8
47147,595.7,None,1.4
47149,180.7,None,0.9
47151,290.4,None,4.5
47153,255.4,None,0
47155,283,None,1
47157,381.9,None,2.5
47159,295.9,None,5
47161,191.7,None,0
47163,472.5,None,3.2
47165,379.4,None,1.6
47167,261.4,None,1.6
47169,372.3,None,9.1
47171,377.2,None,11.3
47173,299.7,None,0
47175,381.6,None,0
47177,200.6,None,2.4
47179,279.9,None,5.4
47181,368.4,None,6
47183,209.5,None,6
47185,405.8,None,3.7
47187,126,None,0.9
47189,238.9,None,1.4
48001,NaN,None,3.4
48003,NaN,None,5.5
48005,NaN,None,4.6
48007,NaN,None,0
48009,NaN,None,0
48011,NaN,None,0
48013,NaN,None,2
48015,NaN,None,3.3
48017,NaN,None,14.2
48019,NaN,None,0
48021,NaN,None,16.1
48023,NaN,None,27.9
48025,NaN,None,3.1
48027,NaN,None,2.8
48029,NaN,None,2.4
48031,NaN,None,0
48033,NaN,None,0
48035,NaN,None,5.4
48037,NaN,None,6.4
48039,NaN,None,1.6
48041,NaN,None,3.1
48043,NaN,None,10.8
48045,NaN,None,0
48047,NaN,None,0
48049,NaN,None,2.6
48051,NaN,None,5.4
48053,NaN,None,4.2
48055,NaN,None,4.6
48057,NaN,None,4.6
48059,NaN,None,0
48061,NaN,None,2.6
48063,NaN,None,7.7
48065,NaN,None,0
48067,NaN,None,6.6
48069,NaN,None,13
48071,NaN,None,4.7
48073,NaN,None,5.7
48075,NaN,None,13.7
48077,NaN,None,9.6
48079,NaN,None,35.3
48081,NaN,None,0
48083,NaN,None,23.8
48085,NaN,None,2.8
48087,NaN,None,33.8
48089,NaN,None,14.1
48091,NaN,None,3.4
48093,NaN,None,7.4
48095,NaN,None,23.4
48097,NaN,None,4.9
48099,NaN,None,1.3
48101,NaN,None,0
48103,NaN,None,20.9
48105,NaN,None,0
48107,NaN,None,17.3
48109,NaN,None,45.4
48111,NaN,None,0
48113,NaN,None,2.2
48115,NaN,None,7.9
48117,NaN,None,5.3
48119,NaN,None,0
48121,NaN,None,2.3
48123,NaN,None,5
48125,NaN,None,0
48127,NaN,None,9.7
48129,NaN,None,0
48131,NaN,None,0
48133,NaN,None,5.5
48135,NaN,None,3.1
48137,NaN,None,0
48139,NaN,None,1.7
48141,NaN,None,2.3
48143,NaN,None,2.4
48145,NaN,None,5.8
48147,NaN,None,5.7
48149,NaN,None,3.9
48151,NaN,None,26
48153,NaN,None,17.1
48155,NaN,None,0
48157,NaN,None,1.7
48159,NaN,None,9.3
48161,NaN,None,5
48163,NaN,None,10.1
48165,NaN,None,4.8
48167,NaN,None,1.2
48169,NaN,None,0
48171,NaN,None,3.7
48173,NaN,None,0
48175,NaN,None,0
48177,NaN,None,4.8
48179,NaN,None,4.6
48181,NaN,None,6
48183,NaN,None,5.7
48185,NaN,None,3.5
48187,NaN,None,0.6
48189,NaN,None,5.9
48191,NaN,None,0
48193,NaN,None,11.8
48195,NaN,None,18.3
48197,NaN,None,51
48199,NaN,None,1.7
48201,NaN,None,2
48203,NaN,None,1.5
48205,NaN,None,17.8
48207,NaN,None,17.2
48209,NaN,None,2.2
48211,NaN,None,26.1
48213,NaN,None,1.2
48215,NaN,None,2
48217,NaN,None,5.5
48219,NaN,None,4.4
48221,NaN,None,1.7
48223,NaN,None,2.7
48225,NaN,None,4.3
48227,NaN,None,8.2
48229,NaN,None,0
48231,NaN,None,2.1
48233,NaN,None,4.7
48235,NaN,None,0
48237,NaN,None,11.3
48239,NaN,None,6.7
48241,NaN,None,2.8
48243,NaN,None,0
48245,NaN,None,5.9
48247,NaN,None,0
48249,NaN,None,2.4
48251,NaN,None,0.6
48253,NaN,None,15.1
48255,NaN,None,6.4
48257,NaN,None,2.3
48259,NaN,None,0
48261,NaN,None,0
48263,NaN,None,0
48265,NaN,None,5.7
48267,NaN,None,22.9
48269,NaN,None,0
48271,NaN,None,0
48273,NaN,None,3.2
48275,NaN,None,27.4
48277,NaN,None,6
48279,NaN,None,7.6
48281,NaN,None,4.7
48283,NaN,None,0
48285,NaN,None,9.9
48287,NaN,None,0
48289,NaN,None,0
48291,NaN,None,3.5
48293,NaN,None,8.5
48295,NaN,None,0
48297,NaN,None,0
48299,NaN,None,4.6
48301,NaN,None,0
48303,NaN,None,3.6
48305,NaN,None,17
48307,NaN,None,12.5
48309,NaN,None,1.6
48311,NaN,None,0
48313,NaN,None,6.9
48315,NaN,None,0
48317,NaN,None,17.4
48319,NaN,None,0
48321,NaN,None,5.5
48323,NaN,None,1.7
48325,NaN,None,2
48327,NaN,None,0
48329,NaN,None,2.9
48331,NaN,None,8
48333,NaN,None,0
48335,NaN,None,12.3
48337,NaN,None,10.2
48339,NaN,None,2.9
48341,NaN,None,4.7
48343,NaN,None,0
48345,NaN,None,0
48347,NaN,None,4.6
48349,NaN,None,2
48351,NaN,None,0
48353,NaN,None,6.8
48355,NaN,None,4.1
48357,NaN,None,10.1
48359,NaN,None,0
48361,NaN,None,1.2
48363,NaN,None,3.5
48365,NaN,None,4.3
48367,NaN,None,1.4
48369,NaN,None,10.1
48371,NaN,None,12.8
48373,NaN,None,2
48375,NaN,None,7.5
48377,NaN,None,0
48379,NaN,None,0
48381,NaN,None,0.7
48383,NaN,None,26.7
48385,NaN,None,0
48387,NaN,None,0
48389,NaN,None,6.4
48391,NaN,None,14.2
48393,NaN,None,0
48395,NaN,None,0
48397,NaN,None,3
48399,NaN,None,19.5
48401,NaN,None,1.8
48403,NaN,None,9.4
48405,NaN,None,12.1
48407,NaN,None,0
48409,NaN,None,1.5
48411,NaN,None,0
48413,NaN,None,34.5
48415,NaN,None,5.9
48417,NaN,None,0
48419,NaN,None,0
48421,NaN,None,0
48423,NaN,None,4.3
48425,NaN,None,11.1
48427,NaN,None,1.5
48429,NaN,None,10.6
48431,NaN,None,0
48433,NaN,None,73.4
48435,NaN,None,26.6
48437,NaN,None,13.4
48439,NaN,None,2.7
48441,NaN,None,3.6
48443,NaN,None,0
48445,NaN,None,8.1
48447,NaN,None,66
48449,NaN,None,3
48451,NaN,None,3.4
48453,NaN,None,2.4
48455,NaN,None,6.8
48457,NaN,None,4.6
48459,NaN,None,0
48461,NaN,None,81.7
48463,NaN,None,3.7
48465,NaN,None,4.1
48467,NaN,None,1.8
48469,NaN,None,6.5
48471,NaN,None,1.4
48473,NaN,None,0
48475,NaN,None,8.5
48477,NaN,None,2.8
48479,NaN,None,2.2
48481,NaN,None,4.8
48483,NaN,None,38.5
48485,NaN,None,5.3
48487,NaN,None,15.6
48489,NaN,None,0
48491,NaN,None,2.1
48493,NaN,None,2
48495,NaN,None,13
48497,NaN,None,4.4
48499,NaN,None,4.4
48501,NaN,None,11.6
48503,NaN,None,11.1
48505,NaN,None,0
48507,NaN,None,0
49001,NaN,None,30.4
49003,NaN,None,3.6
49005,NaN,None,1.6
49007,NaN,None,4.9
49009,NaN,None,0
49011,NaN,None,1.7
49013,NaN,None,10
49015,NaN,None,0
49017,NaN,None,19.7
49019,NaN,None,10.2
49021,NaN,None,1.9
49023,NaN,None,8.7
49025,NaN,None,13
49027,NaN,None,15.4
49029,NaN,None,0
49031,NaN,None,0
49033,NaN,None,0
49035,NaN,None,2.2
49037,NaN,None,12.9
49039,NaN,None,6.5
49041,NaN,None,4.6
49043,NaN,None,2.4
49045,NaN,None,1.4
49047,NaN,None,2.8
49049,NaN,None,1.6
49051,NaN,None,3
49053,NaN,None,1.2
49055,NaN,None,0
49057,NaN,None,1.2
50001,NaN,None,2.7
50003,NaN,None,2.8
50005,NaN,None,3.3
50007,NaN,None,0.6
50009,NaN,None,0
50011,NaN,None,2
50013,NaN,None,0
50015,NaN,None,4
50017,NaN,None,3.4
50019,NaN,None,3.7
50021,NaN,None,1.7
50023,NaN,None,5.2
50025,NaN,None,7
50027,NaN,None,5.4
51001,626.3,None,0
51003,195.9,None,3.7
51005,389,None,6.7
51007,376.5,None,0
51009,379,None,0
51011,423,None,0
51013,348.2,None,0.4
51015,218.7,None,1.3
51017,163.1,None,23.3
51019,266.7,None,0
51021,397.3,None,0
51023,192.3,None,0
51025,323.5,None,0
51027,471.2,None,4.7
51029,329.4,None,0
51031,285.6,None,0
51033,198.2,None,0
51035,634.4,None,0
51036,504.3,None,0
51037,444,None,0
51041,264.8,None,1.1
51043,296.1,None,0
51045,296.2,None,0
51047,356.7,None,1.9
51049,265.1,None,0
51051,275.4,None,6.9
51053,308.5,None,3.5
51057,384.7,None,9.2
51059,336.5,None,0.6
51061,271.7,None,1.4
51063,183.6,None,0
51065,283.8,None,0
51067,291.8,None,1.8
51069,254.7,None,0
51071,296.8,None,11.9
51073,158,None,2.7
51075,219.4,None,0
51077,556.6,None,0
51079,333.7,None,0
51081,455.8,None,0
51083,225.7,None,2.9
51085,258.3,None,2.8
51087,311,None,1.5
51089,659.4,None,0
51091,45.2,None,0
51093,387,None,0
51095,188.5,None,2.6
51097,355,None,0
51099,203.2,None,0
51101,253.9,None,0
51103,222.6,None,9.3
51105,463,None,4.2
51107,251,None,1
51109,282.8,None,0
51111,206.9,None,0
51113,158,None,0
51115,249.9,None,0
51117,300.2,None,3.3
51119,222.9,None,0
51121,178.8,None,2
51125,262.9,None,0
51127,151.8,None,4.5
51131,664.7,None,8.5
51133,263.4,None,0
51135,642,None,6.5
51137,234.7,None,0
51139,455.4,None,4.2
51141,582.8,None,5.7
51143,382.3,None,0
51145,191.9,None,0
51147,444.4,None,4.4
51149,144.4,None,0
51153,341.4,None,0.6
51155,352.3,None,2.9
51157,248.2,None,0
51159,509,None,0
51161,172.2,None,1.1
51163,197.8,None,0
51165,462.8,None,1.2
51167,482.3,None,3.7
51169,561.9,None,0
51171,450.6,None,2.3
51173,630.1,None,9.8
51175,307.1,None,0
51177,225.7,None,0.7
51179,233.4,None,0.7
51181,324.4,None,0
51183,418.3,None,0
51185,381.8,None,4.9
51187,272.5,None,2.5
51191,737.1,None,3.7
51193,420.6,None,0
51195,418.3,None,2.6
51197,497.3,None,3.5
51199,97.3,None,2.9
51510,343.2,None,0.6
51520,546.1,None,12.1
51530,336.7,None,0
51540,216.1,None,2.1
51550,396.5,None,0.4
51570,415,None,0
51580,494.5,None,0
51590,675.8,None,4.9
51595,976.4,None,19.5
51600,191.3,None,0
51610,135.4,None,0
51620,698.9,None,12.5
51630,339.7,None,6.9
51640,1416.8,None,15.6
51650,262.8,None,2.2
51660,340.5,None,1.9
51670,464.7,None,8.9
51678,322.3,None,14
51680,379.9,None,3.7
51683,405.9,None,2.4
51685,392.9,None,0
51690,1193.6,None,7.8
51700,230.6,None,2.8
51710,391.3,None,2.9
51720,453.6,None,50.4
51730,506.9,None,9.5
51735,172.3,None,0
51740,690,None,2.1
51750,201.8,None,0
51760,342.7,None,3.1
51770,237.2,None,2
51775,269.1,None,7.8
51790,329,None,8
51800,476,None,3.3
51810,345,None,0.9
51820,322.6,None,0
51830,181.3,None,6.7
51840,405.6,None,7.1
53001,NaN,52.9432,10.1
53003,NaN,24.4927,4.4
53005,NaN,53.979,2
53007,NaN,57.376,5.2
53009,NaN,67.777,2.6
53011,NaN,45.5544,0.8
53013,NaN,64.4945,24.6
53015,NaN,64.162,1.8
53017,NaN,54.638,0
53019,NaN,52.36,13.1
53021,NaN,57.955,1.1
53023,NaN,37.933,44.5
53025,NaN,51.379,4.1
53027,NaN,82.703,5.4
53029,NaN,51.4825,2.4
53031,NaN,64.8731,3.2
53033,NaN,50.073,1.4
53035,NaN,49.5138,1.5
53037,NaN,58.7279,2.1
53039,NaN,37.8298,9
53041,NaN,67.078,2.5
53043,NaN,36.4445,18.6
53045,NaN,66.507,1.5
53047,NaN,50.026,7.1
53049,NaN,64.405,9.1
53051,NaN,55.9734,7.4
53053,NaN,66.678,1.2
53055,NaN,55.3465,5.8
53057,NaN,63.089,2.3
53059,NaN,51.674,0
53061,NaN,62.206,1
53063,NaN,58.314,1.9
53065,NaN,53.838,4.4
53067,NaN,58.233,0.7
53069,NaN,51.9213,0
53071,NaN,40.7174,4.9
53073,NaN,62.474,0.9
53075,NaN,28.2319,4
53077,NaN,58.651,1.6
54001,NaN,None,6
54003,NaN,None,1.7
54005,NaN,None,4.6
54007,NaN,None,7.1
54009,NaN,None,9
54011,NaN,None,6.4
54013,NaN,None,13.8
54015,NaN,None,0
54017,NaN,None,0
54019,NaN,None,4.6
54021,NaN,None,0
54023,NaN,None,8.6
54025,NaN,None,2.9
54027,NaN,None,4.3
54029,NaN,None,0
54031,NaN,None,0
54033,NaN,None,4.4
54035,NaN,None,3.5
54037,NaN,None,1.8
54039,NaN,None,4.4
54041,NaN,None,12.5
54043,NaN,None,0
54045,NaN,None,3.1
54047,NaN,None,5.5
54049,NaN,None,1.8
54051,NaN,None,3.2
54053,NaN,None,3.7
54055,NaN,None,5.1
54057,NaN,None,3.7
54059,NaN,None,4.2
54061,NaN,None,2.8
54063,NaN,None,0
54065,NaN,None,5.6
54067,NaN,None,4
54069,NaN,None,9.6
54071,NaN,None,0
54073,NaN,None,0
54075,NaN,None,11.9
54077,NaN,None,5.9
54079,NaN,None,1.8
54081,NaN,None,4
54083,NaN,None,3.5
54085,NaN,None,0
54087,NaN,None,7.2
54089,NaN,None,7.8
54091,NaN,None,5.9
54093,NaN,None,0
54095,NaN,None,11.4
54097,NaN,None,4.1
54099,NaN,None,2.5
54101,NaN,None,12.1
54103,NaN,None,6.5
54105,NaN,None,0
54107,NaN,None,2.4
54109,NaN,None,0
55001,466.9,43.0069,4.9
55003,346.2,66.975,6.4
55005,582.3,52.169,6.6
55007,312.5,53.407,0
55009,510.3,49.072,3
55011,464.8,40.9287,0
55013,675.7,46.255,6.5
55015,526.3,58.426,2
55017,391.4,49.864,3.1
55019,682.8,47.692,5.8
55021,517.8,62.391,3.5
55023,527.9,51.1805,6.1
55025,256.7,38.0843,1.7
55027,750.2,51.383,3.4
55029,322.3,52.972,3.6
55031,342.5,34.6503,2.3
55033,365.6,39.03,2.2
55035,374,46.2926,3.8
55037,694.3,46.021,0
55039,642.3,49.929,3.9
55041,600.6,78.388,0
55043,516,37.813,7.8
55045,482,41.347,2.7
55047,465.2,62.063,5.3
55049,345,58.318,4.2
55051,740,64.1807,0
55053,454.1,56.081,4.9
55055,471,43.359,1.2
55057,627.4,67.555,3.8
55059,541.1,40.516,1.8
55061,534.8,44.4002,0
55063,336.6,45.586,1.7
55065,486,35.9695,6
55067,565.7,60.306,5.2
55069,451.4,63.175,7.2
55071,498.3,59.572,2.5
55073,497.7,58.854,2.2
55075,601,73.821,2.5
55077,537.8,69.825,0
55078,1288.1,98.087,0
55079,730.3,66.605,2.3
55081,349.6,51.759,8.7
55083,573.6,47.022,5.3
55085,524.4,58.621,5.6
55087,407.8,48.573,1.6
55089,455.4,38.8462,3.4
55091,480.2,33.6703,13.7
55093,305.5,26.0849,0
55095,353.2,37.2353,9.2
55097,425.7,54.17,1.4
55099,671.8,66.906,7.5
55101,664.9,59.284,2
55103,437.4,45.4598,5.8
55105,476.9,56.852,2.5
55107,643.2,77.611,7.1
55109,337.8,31.2901,5.6
55111,381.3,64.448,6.2
55113,491.2,59.007,6.1
55115,517.2,51.439,2.5
55117,495.4,48.133,1.7
55119,338,49.865,9.8
55121,394,52.589,6.8
55123,246.9,42.1995,6.5
55125,601.7,48.5945,4.6
55127,349,35.9006,1.9
55129,629.8,54.578,18.9
55131,362.6,45.412,1.5
55133,489.5,41.435,2.2
55135,518.3,60.818,2
55137,531.7,56.424,4.1
55139,457.3,49.942,2.9
55141,371,55.741,4.1
56001,NaN,20.6416,2.6
56003,NaN,23.7094,16.8
56005,NaN,44.1791,2.2
56007,NaN,24.9826,6.7
56009,NaN,29.2565,7.3
56011,NaN,16.364,13.4
56013,NaN,32.7278,5.1
56015,NaN,17.5108,15
56017,NaN,23.493,43.9
56019,NaN,27.535,11.8
56021,NaN,32.2838,2
56023,NaN,28.0367,10.3
56025,NaN,52.579,7.6
56027,NaN,5.167,41.9
56029,NaN,29.0497,6.8
56031,NaN,23.068,11.7
56033,NaN,27.5562,6.6
56035,NaN,36.623,0
56037,NaN,37.0915,4.6
56039,NaN,46.2875,4.3
56041,NaN,31.5186,9.9
56043,NaN,26.842,12.7
56045,NaN,15.974,14.4